country,1949,1950,1951,1952,1953,1954,1955,1956,1957,1958,1959,1960,1961,1962,1963,1964,1965,1966,1967,1968,1969,1970,1971,1972,1973,1974,1975,1976,1977,1978,1979,1980,1981,1982,1983,1984,1985,1986,1987,1988,1989,1990,1991,1992,1993,1994,1995,1996,1997,1998,1999,2000,2001,2002,2003,2004,2005,2006,2007,2008,2009,2010,2011,2012,2013,2014,2015,2016,2017,2018,2019,2020,2021,2022,2023,2024,2025,2026,2027,2028,2029,2030,2031,2032,2033,2034,2035,2036,2037,2038,2039,2040,2041,2042,2043,2044,2045,2046,2047,2048,2049,2050,2051,2052,2053,2054,2055,2056,2057,2058,2059,2060,2061,2062,2063,2064,2065,2066,2067,2068,2069,2070,2071,2072,2073,2074,2075,2076,2077,2078,2079,2080,2081,2082,2083,2084,2085,2086,2087,2088,2089,2090,2091,2092,2093,2094,2095,2096,2097,2098,2099
Aruba,93.6,,,,,94.8,,,,,96.2,,,,,96,,,,,95.7,,,,,94.7,,,,,95.1,,,,,95.1,,,,,97.3,,,,,97.3,,,,,93.3,,,,,90.7,,,,,91.1,,,,,90.6,,,,,90.2,,,,,90,,,,,89.9,,,,,90,,,,,90.3,,,,,91,,,,,92,,,,,93.3,,,,,94.7,,,,,96,,,,,97,,,,,97.7,,,,,98.2,,,,,98.5,,,,,98.8,,,,,99.1,,,,,99.4
Afghanistan,112,,,,,109,,,,,107,,,,,105,,,,,104,,,,,103,,,,,103,,,,,104,,,,,105,,,,,108,,,,,106,,,,,107,,,,,105,,,,,106,,,,,105,,,,,105,,,,,105,,,,,105,,,,,104,,,,,104,,,,,103,,,,,103,,,,,103,,,,,102,,,,,101,,,,,101,,,,,100,,,,,100,,,,,99.8,,,,,99.6,,,,,99.5
Angola,94.2,,,,,94.7,,,,,103,,,,,102,,,,,107,,,,,104,,,,,103,,,,,101,,,,,100,,,,,99.7,,,,,99,,,,,98.4,,,,,97.8,,,,,97.9,,,,,97.9,,,,,98,,,,,98,,,,,98.1,,,,,98.1,,,,,98.1,,,,,98.1,,,,,98.1,,,,,98,,,,,97.9,,,,,97.8,,,,,97.7,,,,,97.5,,,,,97.4,,,,,97.2,,,,,97.1,,,,,97
Albania,105,,,,,106,,,,,106,,,,,106,,,,,106,,,,,105,,,,,106,,,,,105,,,,,105,,,,,97.1,,,,,102,,,,,101,,,,,102,,,,,104,,,,,104,,,,,104,,,,,104,,,,,104,,,,,104,,,,,104,,,,,105,,,,,106,,,,,107,,,,,108,,,,,108,,,,,108,,,,,108,,,,,107,,,,,107,,,,,107,,,,,107
United Arab Emirates,103,,,,,101,,,,,100,,,,,142,,,,,173,,,,,227,,,,,228,,,,,186,,,,,190,,,,,198,,,,,208,,,,,238,,,,,297,,,,,238,,,,,224,,,,,215,,,,,210,,,,,199,,,,,188,,,,,178,,,,,167,,,,,156,,,,,147,,,,,138,,,,,129,,,,,122,,,,,116,,,,,111,,,,,107,,,,,103,,,,,99.4
Argentina,104,,,,,103,,,,,102,,,,,101,,,,,99.6,,,,,98,,,,,96.8,,,,,95.8,,,,,94.9,,,,,94.7,,,,,94.3,,,,,94.5,,,,,94.8,,,,,95,,,,,95.3,,,,,95.5,,,,,95.7,,,,,95.9,,,,,96.2,,,,,96.5,,,,,96.8,,,,,97.1,,,,,97.4,,,,,97.7,,,,,98,,,,,98.2,,,,,98.4,,,,,98.6,,,,,98.7,,,,,98.8,,,,,98.8
Armenia,90.3,,,,,91.5,,,,,93,,,,,94.4,,,,,95.3,,,,,95.1,,,,,94.9,,,,,95.4,,,,,94,,,,,90,,,,,88.5,,,,,88.8,,,,,87.9,,,,,88.7,,,,,88.8,,,,,88.7,,,,,88.5,,,,,88.4,,,,,88.4,,,,,88.8,,,,,89.5,,,,,90.1,,,,,90.7,,,,,91.2,,,,,91.8,,,,,92.6,,,,,93.3,,,,,93.8,,,,,93.8,,,,,93.4,,,,,92.8
Antigua and Barbuda,87.4,,,,,87.6,,,,,87.8,,,,,89.4,,,,,91.4,,,,,91.9,,,,,92.5,,,,,93.3,,,,,94.1,,,,,91.4,,,,,88.6,,,,,90.2,,,,,91.8,,,,,92.7,,,,,93.3,,,,,93.7,,,,,94,,,,,94.3,,,,,94.7,,,,,95.1,,,,,95.7,,,,,96.4,,,,,97.2,,,,,98,,,,,98.7,,,,,99.3,,,,,99.8,,,,,100,,,,,100,,,,,100,,,,,100
Australia,102,,,,,102,,,,,102,,,,,101,,,,,101,,,,,100,,,,,99.6,,,,,99.6,,,,,99.4,,,,,99,,,,,99.5,,,,,99.6,,,,,100,,,,,99.3,,,,,99.2,,,,,99.1,,,,,98.9,,,,,98.7,,,,,98.5,,,,,98.5,,,,,98.5,,,,,98.5,,,,,98.6,,,,,98.6,,,,,98.6,,,,,98.6,,,,,98.6,,,,,98.7,,,,,98.7,,,,,98.7,,,,,98.7
Austria,86.6,,,,,86.8,,,,,87.2,,,,,87.8,,,,,88.6,,,,,89.2,,,,,89.8,,,,,90.6,,,,,91.7,,,,,93.3,,,,,94.3,,,,,94.6,,,,,95.1,,,,,95.9,,,,,97.2,,,,,97.7,,,,,98.1,,,,,98.4,,,,,98.6,,,,,98.7,,,,,98.8,,,,,99,,,,,99.2,,,,,99.5,,,,,99.7,,,,,99.7,,,,,99.8,,,,,99.9,,,,,99.9,,,,,100,,,,,100
Azerbaijan,88.2,,,,,89.8,,,,,91.7,,,,,93.5,,,,,94.7,,,,,95.5,,,,,96.2,,,,,96.2,,,,,95.7,,,,,95.5,,,,,95.7,,,,,97.1,,,,,98.2,,,,,99.1,,,,,99.8,,,,,100,,,,,100,,,,,100,,,,,100,,,,,100,,,,,100,,,,,101,,,,,101,,,,,101,,,,,101,,,,,101,,,,,101,,,,,102,,,,,102,,,,,102,,,,,101
Burundi,91.9,,,,,92.6,,,,,93.3,,,,,94,,,,,94.5,,,,,94.2,,,,,94.2,,,,,94.5,,,,,96,,,,,95.5,,,,,96.5,,,,,97.2,,,,,97.7,,,,,98.1,,,,,98.5,,,,,98.8,,,,,98.9,,,,,99,,,,,99.1,,,,,99.1,,,,,99,,,,,98.9,,,,,98.8,,,,,98.6,,,,,98.5,,,,,98.3,,,,,98.1,,,,,98,,,,,97.8,,,,,97.6,,,,,97.5
Belgium,97.2,,,,,97,,,,,96.9,,,,,96.5,,,,,96.1,,,,,95.7,,,,,95.6,,,,,95.6,,,,,95.8,,,,,95.9,,,,,96,,,,,96.3,,,,,96.5,,,,,96.7,,,,,98.3,,,,,98.6,,,,,98.9,,,,,99.1,,,,,99.2,,,,,99.2,,,,,99.3,,,,,99.3,,,,,99.3,,,,,99.3,,,,,99.2,,,,,99.3,,,,,99.3,,,,,99.3,,,,,99.3,,,,,99.3,,,,,99.2
Benin,87.2,,,,,89.4,,,,,90.7,,,,,91.8,,,,,92.6,,,,,93,,,,,93.4,,,,,94,,,,,94.9,,,,,96.1,,,,,97.1,,,,,98.2,,,,,98.7,,,,,99.3,,,,,99.8,,,,,100,,,,,100,,,,,100,,,,,100,,,,,100,,,,,100,,,,,100,,,,,100,,,,,100,,,,,99.8,,,,,99.6,,,,,99.4,,,,,99.2,,,,,98.9,,,,,98.7,,,,,98.5
Burkina Faso,110,,,,,107,,,,,104,,,,,101,,,,,99.1,,,,,97.5,,,,,96.2,,,,,95.5,,,,,95.6,,,,,96,,,,,96.5,,,,,97.4,,,,,98.3,,,,,99.2,,,,,99.9,,,,,100,,,,,101,,,,,101,,,,,101,,,,,101,,,,,101,,,,,101,,,,,101,,,,,101,,,,,101,,,,,101,,,,,100,,,,,100,,,,,100,,,,,99.8,,,,,99.6
Bangladesh,109,,,,,109,,,,,108,,,,,108,,,,,107,,,,,106,,,,,106,,,,,107,,,,,107,,,,,106,,,,,106,,,,,105,,,,,103,,,,,103,,,,,102,,,,,102,,,,,101,,,,,101,,,,,100,,,,,99.8,,,,,99.4,,,,,99,,,,,98.8,,,,,98.8,,,,,98.8,,,,,99,,,,,99.2,,,,,99.4,,,,,99.6,,,,,99.7,,,,,99.7
Bulgaria,99.9,,,,,99.6,,,,,99.7,,,,,99.9,,,,,99.9,,,,,99.7,,,,,99.2,,,,,98.4,,,,,97.2,,,,,95.9,,,,,95.1,,,,,94.8,,,,,94.9,,,,,94.7,,,,,94.4,,,,,94.3,,,,,94.5,,,,,94.8,,,,,95.4,,,,,95.9,,,,,96.5,,,,,97,,,,,97.7,,,,,98.6,,,,,99.6,,,,,101,,,,,102,,,,,103,,,,,103,,,,,104,,,,,104
Bahrain,116,,,,,114,,,,,115,,,,,121,,,,,118,,,,,127,,,,,141,,,,,133,,,,,136,,,,,136,,,,,135,,,,,150,,,,,166,,,,,161,,,,,183,,,,,182,,,,,177,,,,,172,,,,,169,,,,,166,,,,,163,,,,,161,,,,,159,,,,,157,,,,,155,,,,,154,,,,,153,,,,,152,,,,,150,,,,,148,,,,,145
Bahamas,86.6,,,,,87.3,,,,,91.7,,,,,95.6,,,,,98.2,,,,,96.3,,,,,98.6,,,,,98.5,,,,,98.5,,,,,97.7,,,,,95,,,,,94.4,,,,,94,,,,,94.3,,,,,94.5,,,,,94.7,,,,,94.7,,,,,94.8,,,,,94.8,,,,,95,,,,,95.2,,,,,95.6,,,,,96,,,,,96.4,,,,,96.8,,,,,97.2,,,,,97.7,,,,,98.1,,,,,98.7,,,,,99.2,,,,,99.7
Bosnia and Herzegovina,93.3,,,,,95.1,,,,,96.3,,,,,97.2,,,,,96.7,,,,,96.9,,,,,97.8,,,,,98.1,,,,,98.1,,,,,96.3,,,,,96.4,,,,,96.5,,,,,96.5,,,,,96.2,,,,,96,,,,,95.8,,,,,95.8,,,,,95.9,,,,,96.1,,,,,96.5,,,,,97.1,,,,,97.8,,,,,98.4,,,,,98.9,,,,,99.3,,,,,99.6,,,,,99.9,,,,,100,,,,,100,,,,,100,,,,,100
Belarus,79.2,,,,,80.6,,,,,82.4,,,,,83.9,,,,,85,,,,,86,,,,,86.9,,,,,87.5,,,,,88.3,,,,,88.3,,,,,88.5,,,,,87.6,,,,,86.9,,,,,87,,,,,87.1,,,,,87.5,,,,,87.7,,,,,87.8,,,,,88.2,,,,,89,,,,,90.1,,,,,91.2,,,,,92.2,,,,,93.2,,,,,94.1,,,,,95,,,,,96,,,,,96.8,,,,,97.4,,,,,97.6,,,,,97.7
Belize,95.9,,,,,96.7,,,,,97.5,,,,,98.2,,,,,98.7,,,,,99.5,,,,,102,,,,,102,,,,,102,,,,,101,,,,,101,,,,,101,,,,,100,,,,,99.6,,,,,99,,,,,98.4,,,,,97.8,,,,,97.3,,,,,96.9,,,,,96.6,,,,,96.3,,,,,96.1,,,,,96,,,,,96.1,,,,,96.2,,,,,96.4,,,,,96.6,,,,,96.9,,,,,97.2,,,,,97.5,,,,,97.7
Bolivia,97.3,,,,,97.7,,,,,98.2,,,,,98.8,,,,,99.4,,,,,99.9,,,,,100,,,,,101,,,,,101,,,,,101,,,,,101,,,,,101,,,,,101,,,,,101,,,,,101,,,,,100,,,,,100,,,,,99.9,,,,,99.6,,,,,99.4,,,,,99.2,,,,,99.1,,,,,98.9,,,,,98.9,,,,,98.8,,,,,98.9,,,,,99,,,,,99.2,,,,,99.5,,,,,99.8,,,,,100
Brazil,98.4,,,,,98.8,,,,,99.2,,,,,99.3,,,,,99.3,,,,,99.3,,,,,99.3,,,,,99.1,,,,,98.9,,,,,98.5,,,,,98.2,,,,,97.7,,,,,97.3,,,,,97,,,,,96.6,,,,,96.3,,,,,95.9,,,,,95.7,,,,,95.5,,,,,95.4,,,,,95.4,,,,,95.6,,,,,95.8,,,,,96,,,,,96.3,,,,,96.5,,,,,96.8,,,,,97.1,,,,,97.3,,,,,97.5,,,,,97.7
Barbados,85.1,,,,,84.1,,,,,81,,,,,85,,,,,88.6,,,,,91.5,,,,,90.2,,,,,91.4,,,,,92.7,,,,,92.7,,,,,92.5,,,,,92.3,,,,,92.3,,,,,93.1,,,,,93.8,,,,,94.4,,,,,95,,,,,95.5,,,,,96,,,,,96.6,,,,,97.3,,,,,98.1,,,,,98.8,,,,,99.5,,,,,100,,,,,100,,,,,101,,,,,101,,,,,101,,,,,101,,,,,101
Brunei,106,,,,,107,,,,,107,,,,,107,,,,,106,,,,,106,,,,,114,,,,,112,,,,,112,,,,,110,,,,,103,,,,,104,,,,,107,,,,,108,,,,,108,,,,,107,,,,,107,,,,,106,,,,,105,,,,,105,,,,,104,,,,,104,,,,,104,,,,,104,,,,,103,,,,,103,,,,,103,,,,,103,,,,,103,,,,,103,,,,,103
Bhutan,105,,,,,105,,,,,104,,,,,103,,,,,103,,,,,105,,,,,107,,,,,106,,,,,106,,,,,105,,,,,105,,,,,110,,,,,111,,,,,112,,,,,113,,,,,114,,,,,115,,,,,116,,,,,117,,,,,118,,,,,119,,,,,120,,,,,121,,,,,122,,,,,122,,,,,124,,,,,125,,,,,126,,,,,128,,,,,129,,,,,131
Botswana,93.8,,,,,94.3,,,,,94.2,,,,,94.5,,,,,92.8,,,,,92.6,,,,,89.6,,,,,91,,,,,91.6,,,,,92.6,,,,,93.8,,,,,94.7,,,,,95.7,,,,,92.9,,,,,93.9,,,,,94.7,,,,,95.4,,,,,95.9,,,,,96.3,,,,,96.6,,,,,96.8,,,,,96.9,,,,,97,,,,,97.1,,,,,97.2,,,,,97.2,,,,,97.2,,,,,97.2,,,,,97.2,,,,,97.2,,,,,97.4
Central African Republic,97.2,,,,,97.1,,,,,97,,,,,96.9,,,,,96.9,,,,,96.8,,,,,96.7,,,,,96.9,,,,,97,,,,,97.2,,,,,97.3,,,,,97.7,,,,,98,,,,,98.2,,,,,98.3,,,,,98.4,,,,,98.5,,,,,98.5,,,,,98.5,,,,,98.4,,,,,98.2,,,,,98,,,,,97.8,,,,,97.5,,,,,97.1,,,,,96.8,,,,,96.5,,,,,96.1,,,,,95.9,,,,,95.6,,,,,95.3
Canada,103,,,,,103,,,,,102,,,,,101,,,,,101,,,,,100,,,,,99.2,,,,,98.6,,,,,98.4,,,,,98,,,,,98.2,,,,,98.3,,,,,98.5,,,,,98.4,,,,,98.5,,,,,98.7,,,,,98.9,,,,,98.9,,,,,98.9,,,,,99,,,,,99.1,,,,,99.3,,,,,99.5,,,,,99.6,,,,,99.7,,,,,99.7,,,,,99.7,,,,,99.8,,,,,99.8,,,,,99.9,,,,,99.9
Channel Islands,92.4,,,,,93.1,,,,,93.8,,,,,94.3,,,,,94.8,,,,,94.6,,,,,93.9,,,,,94.5,,,,,94.6,,,,,94,,,,,94.9,,,,,96.1,,,,,97.1,,,,,97.7,,,,,98,,,,,98.3,,,,,98.5,,,,,98.6,,,,,98.7,,,,,98.8,,,,,98.9,,,,,99.1,,,,,99.3,,,,,99.6,,,,,99.8,,,,,100,,,,,100,,,,,100,,,,,100,,,,,100,,,,,100
Switzerland,93,,,,,93.4,,,,,93.9,,,,,94.9,,,,,95.5,,,,,95.2,,,,,94.7,,,,,95,,,,,95.4,,,,,95.5,,,,,95.5,,,,,95.9,,,,,97,,,,,98,,,,,98.5,,,,,98.8,,,,,98.9,,,,,98.9,,,,,98.8,,,,,98.7,,,,,98.5,,,,,98.4,,,,,98.4,,,,,98.5,,,,,98.6,,,,,98.6,,,,,98.7,,,,,98.8,,,,,98.9,,,,,99,,,,,99
Chile,102,,,,,101,,,,,100,,,,,99.1,,,,,98.2,,,,,97.5,,,,,97,,,,,96.5,,,,,96.5,,,,,96.7,,,,,96.8,,,,,96.9,,,,,96.9,,,,,96.9,,,,,97.3,,,,,97.4,,,,,97.6,,,,,97.8,,,,,98,,,,,98.2,,,,,98.4,,,,,98.5,,,,,98.6,,,,,98.7,,,,,98.8,,,,,98.7,,,,,98.7,,,,,98.7,,,,,98.8,,,,,98.8,,,,,98.9
China,108,,,,,107,,,,,106,,,,,106,,,,,105,,,,,105,,,,,105,,,,,105,,,,,105,,,,,105,,,,,105,,,,,106,,,,,106,,,,,106,,,,,105,,,,,105,,,,,104,,,,,104,,,,,104,,,,,103,,,,,104,,,,,104,,,,,104,,,,,105,,,,,105,,,,,106,,,,,106,,,,,106,,,,,105,,,,,105,,,,,105
Cote d'Ivoire,103,,,,,104,,,,,106,,,,,107,,,,,108,,,,,109,,,,,110,,,,,109,,,,,109,,,,,108,,,,,106,,,,,104,,,,,103,,,,,102,,,,,102,,,,,101,,,,,101,,,,,100,,,,,100,,,,,100,,,,,99.8,,,,,99.6,,,,,99.5,,,,,99.3,,,,,99.1,,,,,98.9,,,,,98.7,,,,,98.5,,,,,98.3,,,,,98.1,,,,,97.8
Cameroon,96.1,,,,,96.5,,,,,96.8,,,,,97.2,,,,,97.6,,,,,97.9,,,,,98.3,,,,,98.6,,,,,98.9,,,,,99.1,,,,,99.1,,,,,99.3,,,,,99.7,,,,,99.9,,,,,100,,,,,100,,,,,100,,,,,100,,,,,100,,,,,100,,,,,99.8,,,,,99.6,,,,,99.4,,,,,99.2,,,,,98.9,,,,,98.7,,,,,98.4,,,,,98.1,,,,,97.8,,,,,97.5,,,,,97.3
"Congo, Dem. Rep.",88.1,,,,,89.9,,,,,91.4,,,,,92.8,,,,,94,,,,,95.1,,,,,96,,,,,96.8,,,,,97.4,,,,,98,,,,,98.4,,,,,98.8,,,,,99.1,,,,,99.5,,,,,99.7,,,,,99.8,,,,,99.9,,,,,99.9,,,,,99.8,,,,,99.7,,,,,99.6,,,,,99.4,,,,,99.2,,,,,99,,,,,98.7,,,,,98.4,,,,,98.1,,,,,97.8,,,,,97.5,,,,,97.1,,,,,96.8
"Congo, Rep.",97.7,,,,,97.1,,,,,96.7,,,,,96.5,,,,,96.4,,,,,96.5,,,,,96.6,,,,,96.7,,,,,96.7,,,,,96.9,,,,,97.4,,,,,98.3,,,,,99,,,,,99.5,,,,,99.8,,,,,100,,,,,100,,,,,100,,,,,100,,,,,99.9,,,,,99.7,,,,,99.6,,,,,99.4,,,,,99.3,,,,,99.1,,,,,98.8,,,,,98.6,,,,,98.3,,,,,98.1,,,,,97.9,,,,,97.7
Colombia,98.7,,,,,98.3,,,,,98.1,,,,,98.1,,,,,98.1,,,,,97.8,,,,,98,,,,,97.6,,,,,97.2,,,,,96.6,,,,,96.2,,,,,96.1,,,,,96.1,,,,,96.1,,,,,96.5,,,,,96.2,,,,,96.2,,,,,96.3,,,,,96.4,,,,,96.6,,,,,96.9,,,,,97.3,,,,,97.8,,,,,98.2,,,,,98.6,,,,,98.9,,,,,99.1,,,,,99.3,,,,,99.4,,,,,99.5,,,,,99.6
Comoros,98.8,,,,,98.9,,,,,99,,,,,99.2,,,,,99.4,,,,,99.6,,,,,99.8,,,,,100,,,,,101,,,,,101,,,,,101,,,,,101,,,,,102,,,,,102,,,,,102,,,,,102,,,,,102,,,,,102,,,,,101,,,,,101,,,,,101,,,,,101,,,,,101,,,,,100,,,,,100,,,,,99.7,,,,,99.4,,,,,99.1,,,,,98.8,,,,,98.5,,,,,98.2
Cape Verde,89.3,,,,,90.9,,,,,88.5,,,,,90.1,,,,,91,,,,,88.8,,,,,86.1,,,,,88,,,,,90.1,,,,,92.4,,,,,92.7,,,,,94.8,,,,,99.8,,,,,101,,,,,101,,,,,101,,,,,100,,,,,100,,,,,99.5,,,,,99,,,,,98.4,,,,,97.7,,,,,97,,,,,96.5,,,,,96,,,,,95.9,,,,,95.9,,,,,96.2,,,,,96.4,,,,,96.7,,,,,96.9
Costa Rica,104,,,,,104,,,,,103,,,,,103,,,,,103,,,,,102,,,,,102,,,,,102,,,,,102,,,,,101,,,,,101,,,,,101,,,,,100,,,,,100,,,,,99.8,,,,,99.6,,,,,99.4,,,,,99.3,,,,,99.2,,,,,99.2,,,,,99.2,,,,,99.2,,,,,99.2,,,,,99.2,,,,,99.2,,,,,99.1,,,,,99.1,,,,,99.1,,,,,99.2,,,,,99.3,,,,,99.4
Cuba,107,,,,,106,,,,,104,,,,,104,,,,,102,,,,,102,,,,,101,,,,,100,,,,,100,,,,,100,,,,,99.4,,,,,99.4,,,,,99,,,,,98.8,,,,,98.6,,,,,98.4,,,,,98.4,,,,,98.4,,,,,98.5,,,,,98.8,,,,,99.3,,,,,99.9,,,,,101,,,,,101,,,,,102,,,,,102,,,,,102,,,,,102,,,,,102,,,,,102,,,,,102
Cyprus,97.3,,,,,96,,,,,96.7,,,,,96.4,,,,,97.7,,,,,99.6,,,,,101,,,,,102,,,,,103,,,,,102,,,,,102,,,,,103,,,,,99.7,,,,,100,,,,,99.9,,,,,100,,,,,99.9,,,,,100,,,,,100,,,,,101,,,,,101,,,,,101,,,,,102,,,,,102,,,,,102,,,,,102,,,,,102,,,,,102,,,,,102,,,,,102,,,,,102
Czech Republic,94.4,,,,,94.7,,,,,94.7,,,,,94.9,,,,,93.8,,,,,93.8,,,,,94.1,,,,,94.3,,,,,94.3,,,,,94.5,,,,,94.7,,,,,95,,,,,96.4,,,,,96.6,,,,,97,,,,,97.3,,,,,97.5,,,,,97.9,,,,,98.3,,,,,98.8,,,,,99.1,,,,,99.4,,,,,99.5,,,,,99.7,,,,,99.9,,,,,100,,,,,100,,,,,101,,,,,101,,,,,101,,,,,101
Germany,85.7,,,,,86.4,,,,,87,,,,,88.9,,,,,90,,,,,90.5,,,,,91.1,,,,,91.6,,,,,93.2,,,,,94.1,,,,,94.9,,,,,95.6,,,,,96.1,,,,,96.8,,,,,97.8,,,,,98.2,,,,,98.5,,,,,98.9,,,,,99.2,,,,,99.4,,,,,99.6,,,,,99.9,,,,,100,,,,,101,,,,,101,,,,,101,,,,,101,,,,,101,,,,,101,,,,,100,,,,,100
Djibouti,98.6,,,,,98.7,,,,,98.8,,,,,99,,,,,99.1,,,,,99.3,,,,,102,,,,,102,,,,,101,,,,,101,,,,,101,,,,,101,,,,,114,,,,,112,,,,,111,,,,,109,,,,,108,,,,,107,,,,,106,,,,,105,,,,,104,,,,,103,,,,,102,,,,,101,,,,,99.9,,,,,99.1,,,,,98.3,,,,,97.7,,,,,97.2,,,,,96.9,,,,,96.8
Denmark,98.4,,,,,98.5,,,,,98.5,,,,,98.3,,,,,98.7,,,,,98.2,,,,,97.6,,,,,97.2,,,,,97.3,,,,,97.6,,,,,97.9,,,,,98.1,,,,,98.5,,,,,98.9,,,,,98.8,,,,,98.7,,,,,98.6,,,,,98.6,,,,,98.7,,,,,98.9,,,,,99.1,,,,,99.2,,,,,99.3,,,,,99.4,,,,,99.5,,,,,99.5,,,,,99.4,,,,,99.3,,,,,99.3,,,,,99.3,,,,,99.3
Dominican Republic,103,,,,,103,,,,,103,,,,,102,,,,,102,,,,,102,,,,,102,,,,,102,,,,,101,,,,,101,,,,,100,,,,,101,,,,,101,,,,,100,,,,,99.8,,,,,99.4,,,,,99,,,,,98.6,,,,,98.3,,,,,98.1,,,,,98,,,,,97.9,,,,,97.9,,,,,98,,,,,98.2,,,,,98.4,,,,,98.7,,,,,99,,,,,99.3,,,,,99.6,,,,,99.8
Algeria,103,,,,,101,,,,,101,,,,,101,,,,,101,,,,,101,,,,,101,,,,,102,,,,,102,,,,,103,,,,,103,,,,,102,,,,,102,,,,,102,,,,,102,,,,,102,,,,,102,,,,,102,,,,,102,,,,,102,,,,,102,,,,,102,,,,,102,,,,,102,,,,,102,,,,,103,,,,,103,,,,,103,,,,,103,,,,,103,,,,,103
Ecuador,98.8,,,,,99.4,,,,,100,,,,,100,,,,,101,,,,,101,,,,,101,,,,,101,,,,,101,,,,,101,,,,,101,,,,,101,,,,,100,,,,,100,,,,,100,,,,,99.9,,,,,99.8,,,,,99.7,,,,,99.7,,,,,99.7,,,,,99.7,,,,,99.9,,,,,100,,,,,100,,,,,100,,,,,100,,,,,100,,,,,101,,,,,101,,,,,101,,,,,101
Egypt,103,,,,,103,,,,,104,,,,,104,,,,,103,,,,,103,,,,,102,,,,,101,,,,,101,,,,,101,,,,,101,,,,,102,,,,,102,,,,,102,,,,,102,,,,,102,,,,,102,,,,,102,,,,,102,,,,,102,,,,,102,,,,,102,,,,,102,,,,,102,,,,,102,,,,,102,,,,,102,,,,,102,,,,,102,,,,,102,,,,,102
Eritrea,98.2,,,,,98.4,,,,,98.8,,,,,99.1,,,,,99.4,,,,,99.5,,,,,99.7,,,,,99.8,,,,,100,,,,,99.1,,,,,99.1,,,,,99.6,,,,,99.9,,,,,100,,,,,100,,,,,101,,,,,101,,,,,101,,,,,101,,,,,101,,,,,101,,,,,101,,,,,101,,,,,101,,,,,100,,,,,100,,,,,100,,,,,100,,,,,100,,,,,100,,,,,100
Western Sahara,98,,,,,109,,,,,115,,,,,119,,,,,121,,,,,116,,,,,116,,,,,113,,,,,110,,,,,108,,,,,110,,,,,112,,,,,111,,,,,111,,,,,110,,,,,109,,,,,108,,,,,107,,,,,106,,,,,105,,,,,104,,,,,104,,,,,103,,,,,103,,,,,102,,,,,102,,,,,102,,,,,102,,,,,103,,,,,103,,,,,103
Spain,92.8,,,,,93.6,,,,,94.4,,,,,94.9,,,,,95.3,,,,,95.9,,,,,96.3,,,,,96.4,,,,,96,,,,,95.9,,,,,96.4,,,,,97.4,,,,,97.7,,,,,96.5,,,,,96.6,,,,,96.7,,,,,96.7,,,,,96.5,,,,,96.3,,,,,96,,,,,95.8,,,,,95.6,,,,,95.5,,,,,95.6,,,,,95.9,,,,,96.6,,,,,97.3,,,,,97.8,,,,,98,,,,,98,,,,,97.9
Estonia,74.4,,,,,76.9,,,,,79,,,,,82,,,,,84.3,,,,,85.4,,,,,86.2,,,,,86.9,,,,,87.8,,,,,86.2,,,,,87.4,,,,,86.8,,,,,87.2,,,,,87.9,,,,,90,,,,,91,,,,,92,,,,,93,,,,,93.9,,,,,94.8,,,,,95.7,,,,,96.3,,,,,96.7,,,,,96.9,,,,,97.1,,,,,97.2,,,,,97.5,,,,,97.7,,,,,97.9,,,,,97.8,,,,,97.8
Ethiopia,98.6,,,,,98.7,,,,,98.8,,,,,98.9,,,,,99,,,,,99.2,,,,,99.1,,,,,99.1,,,,,99.5,,,,,99.4,,,,,99.4,,,,,99.5,,,,,99.6,,,,,100,,,,,100,,,,,100,,,,,100,,,,,100,,,,,100,,,,,99.9,,,,,99.8,,,,,99.6,,,,,99.4,,,,,99.2,,,,,99.1,,,,,98.9,,,,,98.8,,,,,98.7,,,,,98.8,,,,,98.8,,,,,99
Finland,91.5,,,,,92.2,,,,,92.9,,,,,93.4,,,,,93.4,,,,,93.6,,,,,93.6,,,,,93.9,,,,,94.3,,,,,94.9,,,,,95.4,,,,,95.9,,,,,96.4,,,,,96.9,,,,,97.3,,,,,97.6,,,,,97.8,,,,,98.1,,,,,98.4,,,,,98.8,,,,,99.2,,,,,99.6,,,,,99.9,,,,,100,,,,,100,,,,,100,,,,,100,,,,,100,,,,,101,,,,,101,,,,,101
Fiji,109,,,,,104,,,,,106,,,,,104,,,,,103,,,,,102,,,,,103,,,,,103,,,,,103,,,,,103,,,,,103,,,,,104,,,,,104,,,,,103,,,,,103,,,,,102,,,,,102,,,,,102,,,,,101,,,,,101,,,,,100,,,,,99.9,,,,,99.5,,,,,99.2,,,,,98.9,,,,,98.6,,,,,98.3,,,,,98,,,,,97.8,,,,,97.7,,,,,97.6
France,92.6,,,,,93.4,,,,,94.2,,,,,94.9,,,,,95.5,,,,,96,,,,,95.4,,,,,95,,,,,94.8,,,,,94.5,,,,,94.2,,,,,93.8,,,,,93.9,,,,,94,,,,,93.8,,,,,93.9,,,,,93.8,,,,,93.5,,,,,93.3,,,,,93.1,,,,,93.1,,,,,93,,,,,93,,,,,93,,,,,93.1,,,,,93.1,,,,,93.1,,,,,93.2,,,,,93.1,,,,,93.1,,,,,93
"Micronesia, Fed. Sts.",106,,,,,106,,,,,106,,,,,106,,,,,106,,,,,107,,,,,105,,,,,105,,,,,105,,,,,105,,,,,103,,,,,103,,,,,103,,,,,103,,,,,103,,,,,103,,,,,103,,,,,103,,,,,103,,,,,103,,,,,102,,,,,102,,,,,102,,,,,101,,,,,100,,,,,99.4,,,,,98.9,,,,,98.5,,,,,98.1,,,,,97.7,,,,,97.3
Gabon,95.2,,,,,95.4,,,,,95.6,,,,,94.5,,,,,92.2,,,,,93.1,,,,,94.2,,,,,95.2,,,,,96.2,,,,,97.1,,,,,98.7,,,,,100,,,,,102,,,,,104,,,,,104,,,,,103,,,,,103,,,,,102,,,,,102,,,,,101,,,,,100,,,,,99.6,,,,,99,,,,,98.6,,,,,98.2,,,,,97.9,,,,,97.7,,,,,97.5,,,,,97.3,,,,,97.1,,,,,97
United Kingdom,92.6,,,,,92.7,,,,,93.4,,,,,94.2,,,,,94.3,,,,,94.7,,,,,94.8,,,,,94.6,,,,,94.6,,,,,94.6,,,,,95,,,,,95.9,,,,,96.6,,,,,97.2,,,,,97.7,,,,,98.1,,,,,98.4,,,,,98.7,,,,,99,,,,,99.4,,,,,99.7,,,,,100,,,,,100,,,,,101,,,,,101,,,,,101,,,,,101,,,,,101,,,,,101,,,,,101,,,,,101
Georgia,85.8,,,,,86.4,,,,,87.2,,,,,88.2,,,,,88.9,,,,,88.8,,,,,88.6,,,,,89.5,,,,,90.6,,,,,89.9,,,,,90.5,,,,,91.1,,,,,91,,,,,91.4,,,,,91.1,,,,,90.8,,,,,90.7,,,,,90.7,,,,,90.9,,,,,91.3,,,,,91.9,,,,,92.5,,,,,93.2,,,,,93.8,,,,,94.5,,,,,95.1,,,,,95.7,,,,,96.1,,,,,96.3,,,,,96.2,,,,,96
Ghana,102,,,,,103,,,,,103,,,,,104,,,,,103,,,,,103,,,,,102,,,,,101,,,,,101,,,,,102,,,,,102,,,,,102,,,,,102,,,,,103,,,,,103,,,,,103,,,,,103,,,,,103,,,,,103,,,,,103,,,,,102,,,,,102,,,,,102,,,,,102,,,,,101,,,,,101,,,,,101,,,,,100,,,,,100,,,,,99.9,,,,,99.7
Guinea,100,,,,,98.7,,,,,97.9,,,,,97.5,,,,,97.3,,,,,95,,,,,91.8,,,,,90.7,,,,,92.3,,,,,92,,,,,91.3,,,,,91.1,,,,,91.1,,,,,91.9,,,,,93.7,,,,,95.2,,,,,96.4,,,,,97.4,,,,,98.2,,,,,98.7,,,,,99.1,,,,,99.3,,,,,99.4,,,,,99.4,,,,,99.2,,,,,99,,,,,98.7,,,,,98.4,,,,,98.1,,,,,97.8,,,,,97.5
Guadeloupe,92.7,,,,,95,,,,,96.6,,,,,95.6,,,,,95.5,,,,,95.2,,,,,95.5,,,,,95.7,,,,,95.7,,,,,94.3,,,,,93.7,,,,,89.3,,,,,86.7,,,,,86.3,,,,,85.6,,,,,85.1,,,,,84.9,,,,,84.8,,,,,84.8,,,,,85,,,,,85.4,,,,,86.2,,,,,87.4,,,,,89,,,,,90.6,,,,,92.1,,,,,93.1,,,,,93.5,,,,,93.4,,,,,93.2,,,,,93.1
Gambia,96.1,,,,,96.2,,,,,99.1,,,,,101,,,,,102,,,,,102,,,,,102,,,,,102,,,,,99.6,,,,,100,,,,,99.2,,,,,98.7,,,,,98.5,,,,,98.4,,,,,98.4,,,,,98.4,,,,,98.4,,,,,98.4,,,,,98.4,,,,,98.4,,,,,98.4,,,,,98.3,,,,,98.2,,,,,98,,,,,97.8,,,,,97.6,,,,,97.3,,,,,97,,,,,96.7,,,,,96.4,,,,,96.2
Guinea-Bissau,97.8,,,,,97.5,,,,,97.1,,,,,96.7,,,,,96.5,,,,,96.3,,,,,92.9,,,,,93.2,,,,,93.5,,,,,93.7,,,,,93.6,,,,,93.2,,,,,94.1,,,,,94.9,,,,,95.8,,,,,96.4,,,,,97,,,,,97.3,,,,,97.6,,,,,97.7,,,,,97.8,,,,,97.8,,,,,97.8,,,,,97.7,,,,,97.6,,,,,97.4,,,,,97.2,,,,,96.9,,,,,96.6,,,,,96.4,,,,,96.1
Equatorial Guinea,96.7,,,,,96.5,,,,,96.3,,,,,97.3,,,,,98.8,,,,,98.5,,,,,98.3,,,,,98.4,,,,,98.5,,,,,103,,,,,108,,,,,113,,,,,119,,,,,124,,,,,125,,,,,125,,,,,124,,,,,122,,,,,120,,,,,118,,,,,117,,,,,115,,,,,113,,,,,111,,,,,110,,,,,108,,,,,107,,,,,105,,,,,104,,,,,104,,,,,103
Greece,94.7,,,,,95.1,,,,,96.1,,,,,96.2,,,,,96.7,,,,,97.2,,,,,98,,,,,98.4,,,,,98.3,,,,,98.8,,,,,98.8,,,,,98,,,,,96.6,,,,,96.4,,,,,96.4,,,,,96.5,,,,,96.7,,,,,96.8,,,,,97,,,,,97.2,,,,,97.5,,,,,97.9,,,,,98.2,,,,,98.6,,,,,98.9,,,,,99.2,,,,,99.4,,,,,99.4,,,,,99.4,,,,,99.4,,,,,99.4
Grenada,84.7,,,,,85.3,,,,,86.5,,,,,88.5,,,,,89.7,,,,,91.3,,,,,93.4,,,,,95,,,,,97.3,,,,,98.5,,,,,98.9,,,,,101,,,,,102,,,,,102,,,,,101,,,,,101,,,,,100,,,,,99.9,,,,,99.3,,,,,98.8,,,,,98.4,,,,,98,,,,,97.7,,,,,97.4,,,,,97.3,,,,,97.4,,,,,97.7,,,,,98,,,,,98.4,,,,,98.7,,,,,99
Guatemala,102,,,,,102,,,,,103,,,,,103,,,,,102,,,,,102,,,,,101,,,,,100,,,,,98.8,,,,,97.4,,,,,96.3,,,,,96.2,,,,,96.5,,,,,96.8,,,,,97.1,,,,,97.4,,,,,97.6,,,,,97.7,,,,,97.9,,,,,98.1,,,,,98.3,,,,,98.6,,,,,98.8,,,,,99.1,,,,,99.4,,,,,99.7,,,,,99.9,,,,,100,,,,,100,,,,,100,,,,,100
French Guiana,108,,,,,105,,,,,102,,,,,108,,,,,108,,,,,102,,,,,109,,,,,111,,,,,109,,,,,108,,,,,107,,,,,98.2,,,,,99.9,,,,,97.5,,,,,97.9,,,,,98.2,,,,,98.4,,,,,98.5,,,,,98.7,,,,,98.9,,,,,99.1,,,,,99.4,,,,,99.6,,,,,99.9,,,,,100,,,,,100,,,,,101,,,,,101,,,,,101,,,,,101,,,,,101
Guam,211,,,,,172,,,,,141,,,,,133,,,,,126,,,,,117,,,,,109,,,,,112,,,,,114,,,,,109,,,,,105,,,,,104,,,,,103,,,,,102,,,,,102,,,,,101,,,,,101,,,,,101,,,,,100,,,,,100,,,,,100,,,,,99.9,,,,,99.8,,,,,99.8,,,,,99.8,,,,,99.7,,,,,99.4,,,,,99.1,,,,,98.9,,,,,98.7,,,,,98.5
Guyana,98.5,,,,,99.2,,,,,100,,,,,101,,,,,101,,,,,101,,,,,101,,,,,101,,,,,97.4,,,,,97,,,,,99.3,,,,,100,,,,,98.5,,,,,100,,,,,101,,,,,102,,,,,102,,,,,102,,,,,102,,,,,102,,,,,102,,,,,102,,,,,102,,,,,102,,,,,102,,,,,102,,,,,102,,,,,102,,,,,103,,,,,103,,,,,104
"Hong Kong, China",106,,,,,106,,,,,106,,,,,107,,,,,105,,,,,103,,,,,109,,,,,106,,,,,103,,,,,101,,,,,96.8,,,,,92.5,,,,,88.8,,,,,86.5,,,,,84.8,,,,,83.7,,,,,83.8,,,,,83.5,,,,,83.2,,,,,82.9,,,,,83,,,,,83.6,,,,,84.8,,,,,86.5,,,,,88.5,,,,,90.6,,,,,92.8,,,,,94.9,,,,,96.7,,,,,98,,,,,98.8
Honduras,101,,,,,101,,,,,101,,,,,100,,,,,99.4,,,,,98.9,,,,,98.7,,,,,98.7,,,,,98.7,,,,,98.7,,,,,98.9,,,,,99.2,,,,,99.5,,,,,99.7,,,,,99.9,,,,,100,,,,,100,,,,,100,,,,,100,,,,,100,,,,,100,,,,,100,,,,,100,,,,,100,,,,,101,,,,,101,,,,,101,,,,,101,,,,,101,,,,,101,,,,,101
Croatia,91,,,,,91.9,,,,,92.4,,,,,93.3,,,,,93.8,,,,,94.1,,,,,93.9,,,,,93.8,,,,,94.1,,,,,93.7,,,,,92.8,,,,,92.9,,,,,92.9,,,,,92.6,,,,,93.1,,,,,93.6,,,,,94,,,,,94.4,,,,,94.8,,,,,95.3,,,,,96.1,,,,,96.8,,,,,97.4,,,,,97.9,,,,,98.3,,,,,98.6,,,,,99,,,,,99.3,,,,,99.5,,,,,99.6,,,,,99.8
Haiti,95.3,,,,,95.8,,,,,96.4,,,,,96.5,,,,,96.6,,,,,96.4,,,,,96.5,,,,,96.6,,,,,96.8,,,,,96.9,,,,,97,,,,,97.1,,,,,97.3,,,,,97.5,,,,,97.4,,,,,97.6,,,,,97.8,,,,,97.9,,,,,97.9,,,,,97.9,,,,,97.9,,,,,97.8,,,,,97.7,,,,,97.6,,,,,97.5,,,,,97.3,,,,,97.2,,,,,97,,,,,96.9,,,,,96.7,,,,,96.6
Hungary,92.8,,,,,93.7,,,,,93.1,,,,,93.7,,,,,94.1,,,,,94,,,,,94,,,,,93.1,,,,,92.4,,,,,91.5,,,,,90.8,,,,,90.3,,,,,90.3,,,,,90.6,,,,,90.8,,,,,91.2,,,,,91.6,,,,,92.2,,,,,92.8,,,,,93.6,,,,,94.3,,,,,95,,,,,95.6,,,,,96.4,,,,,97.2,,,,,97.9,,,,,98.5,,,,,98.9,,,,,99.3,,,,,99.5,,,,,99.6
Indonesia,98.4,,,,,98.5,,,,,98.8,,,,,99.1,,,,,99.4,,,,,99.6,,,,,99.8,,,,,100,,,,,101,,,,,100,,,,,100,,,,,101,,,,,102,,,,,101,,,,,101,,,,,101,,,,,101,,,,,101,,,,,100,,,,,100,,,,,99.9,,,,,99.9,,,,,99.9,,,,,100,,,,,100,,,,,101,,,,,101,,,,,101,,,,,101,,,,,102,,,,,102
India,105,,,,,106,,,,,107,,,,,107,,,,,107,,,,,108,,,,,108,,,,,108,,,,,108,,,,,108,,,,,108,,,,,108,,,,,108,,,,,108,,,,,108,,,,,108,,,,,108,,,,,107,,,,,107,,,,,106,,,,,106,,,,,106,,,,,105,,,,,105,,,,,104,,,,,104,,,,,104,,,,,103,,,,,103,,,,,103,,,,,103
Ireland,104,,,,,102,,,,,101,,,,,101,,,,,101,,,,,101,,,,,101,,,,,100,,,,,99,,,,,98.6,,,,,98.8,,,,,99.7,,,,,98.8,,,,,98,,,,,98.6,,,,,98.7,,,,,98.8,,,,,98.9,,,,,99.1,,,,,99.2,,,,,99.4,,,,,99.5,,,,,99.7,,,,,99.9,,,,,100,,,,,101,,,,,101,,,,,101,,,,,101,,,,,101,,,,,101
Iran,104,,,,,105,,,,,105,,,,,106,,,,,106,,,,,106,,,,,106,,,,,104,,,,,104,,,,,104,,,,,104,,,,,104,,,,,102,,,,,102,,,,,102,,,,,102,,,,,101,,,,,101,,,,,101,,,,,101,,,,,101,,,,,101,,,,,101,,,,,102,,,,,102,,,,,102,,,,,102,,,,,103,,,,,103,,,,,103,,,,,103
Iraq,99.5,,,,,100,,,,,101,,,,,103,,,,,104,,,,,104,,,,,104,,,,,102,,,,,102,,,,,102,,,,,102,,,,,102,,,,,102,,,,,102,,,,,102,,,,,103,,,,,103,,,,,103,,,,,103,,,,,103,,,,,102,,,,,102,,,,,102,,,,,102,,,,,102,,,,,102,,,,,102,,,,,101,,,,,101,,,,,102,,,,,102
Iceland,100,,,,,101,,,,,102,,,,,102,,,,,102,,,,,102,,,,,102,,,,,101,,,,,101,,,,,101,,,,,100,,,,,101,,,,,102,,,,,101,,,,,101,,,,,101,,,,,101,,,,,101,,,,,101,,,,,101,,,,,101,,,,,102,,,,,102,,,,,102,,,,,102,,,,,102,,,,,102,,,,,102,,,,,102,,,,,102,,,,,102
Israel,106,,,,,103,,,,,103,,,,,102,,,,,102,,,,,101,,,,,99.7,,,,,99.9,,,,,99.6,,,,,97.6,,,,,97.1,,,,,97.3,,,,,97.6,,,,,98.4,,,,,99.1,,,,,99.8,,,,,100,,,,,101,,,,,101,,,,,102,,,,,102,,,,,102,,,,,102,,,,,103,,,,,103,,,,,103,,,,,103,,,,,103,,,,,103,,,,,103,,,,,102
Italy,94.9,,,,,94.5,,,,,94.6,,,,,94.7,,,,,95,,,,,94.9,,,,,94.6,,,,,94.8,,,,,94.6,,,,,94.3,,,,,93.8,,,,,94.4,,,,,93.7,,,,,94.3,,,,,94.9,,,,,95.5,,,,,95.9,,,,,96.2,,,,,96.4,,,,,96.6,,,,,96.8,,,,,97,,,,,97.3,,,,,97.8,,,,,98.3,,,,,98.8,,,,,99.1,,,,,99.3,,,,,99.3,,,,,99.3,,,,,99.3
Jamaica,94.7,,,,,94.8,,,,,92.8,,,,,91.8,,,,,95.5,,,,,96.1,,,,,97.7,,,,,98.9,,,,,97.4,,,,,98,,,,,99,,,,,98.2,,,,,98.9,,,,,98.8,,,,,98.5,,,,,98.1,,,,,97.6,,,,,97.1,,,,,96.6,,,,,96.2,,,,,95.9,,,,,95.7,,,,,95.6,,,,,95.5,,,,,95.4,,,,,95.3,,,,,95.2,,,,,95.1,,,,,95,,,,,94.9,,,,,94.7
Jordan,108,,,,,109,,,,,110,,,,,109,,,,,108,,,,,107,,,,,109,,,,,111,,,,,110,,,,,110,,,,,108,,,,,107,,,,,104,,,,,103,,,,,103,,,,,103,,,,,104,,,,,104,,,,,104,,,,,103,,,,,103,,,,,103,,,,,102,,,,,102,,,,,102,,,,,102,,,,,102,,,,,102,,,,,102,,,,,102,,,,,103
Japan,96.2,,,,,96.7,,,,,96.9,,,,,97,,,,,97.2,,,,,97.5,,,,,97.5,,,,,97.4,,,,,97.2,,,,,96.9,,,,,96.5,,,,,96.1,,,,,95.7,,,,,95.6,,,,,95.4,,,,,95.2,,,,,95,,,,,94.8,,,,,94.8,,,,,94.8,,,,,94.9,,,,,94.8,,,,,94.5,,,,,94.4,,,,,94.5,,,,,94.9,,,,,95.3,,,,,95.7,,,,,95.9,,,,,96,,,,,96.1
Kazakhstan,93.8,,,,,93.1,,,,,92.8,,,,,92.9,,,,,92.9,,,,,93.3,,,,,93.3,,,,,93.7,,,,,94.3,,,,,94,,,,,92.7,,,,,92.9,,,,,93.6,,,,,93.9,,,,,94.3,,,,,94.5,,,,,94.7,,,,,94.9,,,,,95.2,,,,,95.6,,,,,96,,,,,96.5,,,,,96.9,,,,,97.3,,,,,97.8,,,,,98.3,,,,,98.8,,,,,99.2,,,,,99.4,,,,,99.5,,,,,99.6
Kenya,102,,,,,101,,,,,101,,,,,100,,,,,99.7,,,,,99.4,,,,,99.4,,,,,99.4,,,,,99.3,,,,,98.9,,,,,98.6,,,,,98.5,,,,,98.6,,,,,98.7,,,,,98.8,,,,,98.8,,,,,98.7,,,,,98.6,,,,,98.5,,,,,98.3,,,,,98,,,,,97.7,,,,,97.5,,,,,97.2,,,,,97,,,,,96.8,,,,,96.6,,,,,96.4,,,,,96.4,,,,,96.4,,,,,96.4
Kyrgyz Republic,91,,,,,90.4,,,,,90.5,,,,,91.2,,,,,91.9,,,,,93.9,,,,,94.6,,,,,95.1,,,,,96.2,,,,,97.4,,,,,97.8,,,,,98.3,,,,,97.7,,,,,97.9,,,,,97.9,,,,,97.9,,,,,97.8,,,,,97.6,,,,,97.6,,,,,97.6,,,,,97.8,,,,,97.9,,,,,97.9,,,,,98,,,,,98.1,,,,,98.3,,,,,98.6,,,,,98.9,,,,,99.1,,,,,99.2,,,,,99.4
Cambodia,100,,,,,99.8,,,,,99.6,,,,,99.4,,,,,99,,,,,97.9,,,,,88.8,,,,,91.5,,,,,93.4,,,,,94.4,,,,,94.6,,,,,94.3,,,,,95,,,,,95.2,,,,,95.4,,,,,95.6,,,,,95.7,,,,,95.7,,,,,95.8,,,,,95.7,,,,,95.6,,,,,95.4,,,,,95.2,,,,,95,,,,,94.9,,,,,94.8,,,,,94.7,,,,,94.7,,,,,94.7,,,,,94.8,,,,,94.9
Kiribati,96.9,,,,,97.3,,,,,97.5,,,,,97.7,,,,,97.8,,,,,97.7,,,,,97.2,,,,,98.1,,,,,97.9,,,,,98.3,,,,,97.2,,,,,97.1,,,,,96.9,,,,,96.5,,,,,96.8,,,,,96.9,,,,,97,,,,,97,,,,,97.1,,,,,97.2,,,,,97.4,,,,,97.6,,,,,97.8,,,,,98,,,,,98.1,,,,,98.3,,,,,98.4,,,,,98.6,,,,,98.7,,,,,98.8,,,,,99
South Korea,99.2,,,,,99.7,,,,,101,,,,,101,,,,,101,,,,,101,,,,,100,,,,,100,,,,,101,,,,,101,,,,,101,,,,,101,,,,,100,,,,,100,,,,,100,,,,,100,,,,,99.8,,,,,99.4,,,,,98.9,,,,,98.4,,,,,97.9,,,,,97.7,,,,,97.8,,,,,98,,,,,98.3,,,,,98.6,,,,,98.8,,,,,99,,,,,99.2,,,,,99.6,,,,,100
Kuwait,148,,,,,159,,,,,180,,,,,161,,,,,129,,,,,119,,,,,134,,,,,130,,,,,132,,,,,138,,,,,141,,,,,144,,,,,137,,,,,143,,,,,158,,,,,155,,,,,151,,,,,147,,,,,143,,,,,139,,,,,135,,,,,131,,,,,128,,,,,126,,,,,124,,,,,123,,,,,122,,,,,121,,,,,121,,,,,120,,,,,119
Lao,97.1,,,,,96.7,,,,,96.6,,,,,96.9,,,,,97.4,,,,,98.1,,,,,98.7,,,,,99.4,,,,,100,,,,,99.4,,,,,99.1,,,,,97.9,,,,,98.4,,,,,101,,,,,101,,,,,101,,,,,101,,,,,101,,,,,100,,,,,100,,,,,99.7,,,,,99.3,,,,,98.9,,,,,98.6,,,,,98.3,,,,,98.1,,,,,98,,,,,98,,,,,98.1,,,,,98.3,,,,,98.5
Lebanon,101,,,,,101,,,,,101,,,,,102,,,,,102,,,,,102,,,,,98.1,,,,,97.6,,,,,97.4,,,,,98.9,,,,,99.3,,,,,104,,,,,103,,,,,101,,,,,101,,,,,102,,,,,103,,,,,102,,,,,102,,,,,101,,,,,101,,,,,100,,,,,100,,,,,100,,,,,101,,,,,101,,,,,102,,,,,102,,,,,102,,,,,102,,,,,102
Liberia,108,,,,,105,,,,,102,,,,,101,,,,,99.5,,,,,98.9,,,,,98.8,,,,,98.8,,,,,98.8,,,,,98.9,,,,,99.4,,,,,100,,,,,100,,,,,101,,,,,101,,,,,101,,,,,102,,,,,102,,,,,102,,,,,102,,,,,102,,,,,102,,,,,101,,,,,101,,,,,101,,,,,101,,,,,101,,,,,100,,,,,100,,,,,99.9,,,,,99.7
Libya,107,,,,,105,,,,,105,,,,,106,,,,,107,,,,,108,,,,,110,,,,,114,,,,,111,,,,,110,,,,,108,,,,,106,,,,,104,,,,,102,,,,,102,,,,,101,,,,,101,,,,,100,,,,,99.6,,,,,99,,,,,98.5,,,,,98.1,,,,,97.9,,,,,97.8,,,,,98,,,,,98.3,,,,,98.7,,,,,99.1,,,,,99.4,,,,,99.8,,,,,100
St. Lucia,97.2,,,,,100,,,,,92.8,,,,,92.7,,,,,92.8,,,,,94,,,,,95.8,,,,,96.3,,,,,96.6,,,,,96.3,,,,,96.3,,,,,96.2,,,,,96.9,,,,,97,,,,,97,,,,,96.9,,,,,96.7,,,,,96.5,,,,,96.4,,,,,96.2,,,,,96.2,,,,,96.3,,,,,96.5,,,,,96.8,,,,,97.1,,,,,97.6,,,,,98.1,,,,,98.6,,,,,99,,,,,99.3,,,,,99.4
Sri Lanka,119,,,,,114,,,,,110,,,,,108,,,,,106,,,,,105,,,,,104,,,,,103,,,,,102,,,,,101,,,,,99.5,,,,,97.3,,,,,94.9,,,,,93,,,,,92.1,,,,,91.3,,,,,90.7,,,,,90.3,,,,,90,,,,,89.8,,,,,89.8,,,,,89.8,,,,,89.8,,,,,90,,,,,90.2,,,,,90.5,,,,,90.7,,,,,90.7,,,,,90.5,,,,,90.2,,,,,89.8
Lesotho,80.8,,,,,80.3,,,,,79.7,,,,,79.6,,,,,80,,,,,79.9,,,,,82.3,,,,,82.8,,,,,83.9,,,,,94.5,,,,,92.5,,,,,93.4,,,,,94.6,,,,,96.6,,,,,97.4,,,,,98,,,,,98.1,,,,,98.1,,,,,98.1,,,,,98.1,,,,,97.9,,,,,97.7,,,,,97.4,,,,,97,,,,,96.7,,,,,96.5,,,,,96.2,,,,,96,,,,,95.8,,,,,95.5,,,,,95.3
Lithuania,82.2,,,,,84,,,,,85.5,,,,,87.2,,,,,88.3,,,,,88.9,,,,,89.2,,,,,89.5,,,,,89.8,,,,,89.1,,,,,88,,,,,86.8,,,,,85.3,,,,,85.4,,,,,86.2,,,,,85.8,,,,,85.9,,,,,86.2,,,,,86.7,,,,,87.6,,,,,88.8,,,,,90.2,,,,,91.5,,,,,92.7,,,,,93.5,,,,,94.1,,,,,94.6,,,,,95,,,,,95.3,,,,,95.4,,,,,95.4
Luxembourg,100,,,,,101,,,,,97.6,,,,,96.9,,,,,96.1,,,,,96.5,,,,,95.4,,,,,94.5,,,,,95.8,,,,,96.4,,,,,97,,,,,97.4,,,,,98.7,,,,,101,,,,,102,,,,,102,,,,,102,,,,,102,,,,,102,,,,,102,,,,,101,,,,,101,,,,,101,,,,,101,,,,,101,,,,,101,,,,,101,,,,,101,,,,,101,,,,,101,,,,,101
Latvia,76.2,,,,,77.7,,,,,79,,,,,82.1,,,,,84.5,,,,,85.4,,,,,85.5,,,,,85.8,,,,,87.2,,,,,85.4,,,,,85,,,,,84.7,,,,,84.5,,,,,84.6,,,,,85.5,,,,,85.8,,,,,86.3,,,,,87,,,,,87.8,,,,,88.9,,,,,90.1,,,,,91.3,,,,,92.5,,,,,93.7,,,,,94.7,,,,,95.7,,,,,96.5,,,,,97.2,,,,,97.6,,,,,97.7,,,,,97.7
"Macao, China",104,,,,,96.7,,,,,96.6,,,,,101,,,,,106,,,,,105,,,,,105,,,,,102,,,,,97.6,,,,,94.1,,,,,91.9,,,,,90.5,,,,,92.3,,,,,92.2,,,,,92.5,,,,,92.6,,,,,92.4,,,,,92,,,,,91.5,,,,,91.2,,,,,91.2,,,,,91.7,,,,,92.5,,,,,93.4,,,,,94,,,,,94.5,,,,,95,,,,,95.7,,,,,96.5,,,,,97.1,,,,,97.3
Morocco,99,,,,,99.1,,,,,99.3,,,,,97.5,,,,,97.8,,,,,98.4,,,,,99,,,,,99.3,,,,,99.6,,,,,99,,,,,98.2,,,,,97.6,,,,,97.3,,,,,98.2,,,,,98.5,,,,,99,,,,,99.3,,,,,99.5,,,,,99.7,,,,,100,,,,,100,,,,,101,,,,,102,,,,,102,,,,,103,,,,,103,,,,,104,,,,,104,,,,,104,,,,,104,,,,,104
Moldova,87.6,,,,,87.6,,,,,87.9,,,,,88,,,,,87.8,,,,,88.6,,,,,89.7,,,,,90.4,,,,,91.1,,,,,91.4,,,,,91.8,,,,,91.9,,,,,92.6,,,,,92.5,,,,,91.9,,,,,91.3,,,,,90.8,,,,,90.3,,,,,90,,,,,90,,,,,90,,,,,89.9,,,,,89.8,,,,,89.7,,,,,90,,,,,90.7,,,,,91.9,,,,,93.1,,,,,94.2,,,,,94.9,,,,,95.6
Madagascar,106,,,,,105,,,,,103,,,,,103,,,,,102,,,,,101,,,,,101,,,,,100,,,,,99.7,,,,,99.4,,,,,99.2,,,,,99.2,,,,,99.3,,,,,99.4,,,,,99.6,,,,,99.7,,,,,99.7,,,,,99.7,,,,,99.7,,,,,99.6,,,,,99.6,,,,,99.5,,,,,99.4,,,,,99.3,,,,,99.3,,,,,99.2,,,,,99.2,,,,,99.3,,,,,99.3,,,,,99.4,,,,,99.5
Maldives,130,,,,,125,,,,,120,,,,,115,,,,,107,,,,,111,,,,,110,,,,,108,,,,,105,,,,,102,,,,,102,,,,,109,,,,,119,,,,,148,,,,,174,,,,,148,,,,,135,,,,,134,,,,,134,,,,,133,,,,,132,,,,,131,,,,,130,,,,,128,,,,,126,,,,,124,,,,,122,,,,,120,,,,,118,,,,,118,,,,,117
Mexico,99.4,,,,,99.5,,,,,99.6,,,,,99.6,,,,,99.7,,,,,99.6,,,,,99.6,,,,,98.1,,,,,98,,,,,96.7,,,,,96.5,,,,,95.7,,,,,95.8,,,,,95.7,,,,,95.8,,,,,95.8,,,,,95.8,,,,,95.8,,,,,95.8,,,,,95.9,,,,,96,,,,,96.3,,,,,96.7,,,,,97.2,,,,,97.7,,,,,98.2,,,,,98.7,,,,,99.1,,,,,99.5,,,,,99.7,,,,,99.9
North Macedonia,101,,,,,102,,,,,102,,,,,103,,,,,103,,,,,103,,,,,103,,,,,102,,,,,101,,,,,101,,,,,100,,,,,99.9,,,,,99.9,,,,,100,,,,,100,,,,,99.9,,,,,99.7,,,,,99.5,,,,,99.4,,,,,99.3,,,,,99.3,,,,,99.4,,,,,99.5,,,,,99.7,,,,,100,,,,,101,,,,,101,,,,,101,,,,,102,,,,,102,,,,,102
Mali,105,,,,,103,,,,,102,,,,,101,,,,,100,,,,,99.8,,,,,99.2,,,,,98.8,,,,,97.5,,,,,97.8,,,,,98.4,,,,,99.1,,,,,99.8,,,,,100,,,,,100,,,,,101,,,,,101,,,,,101,,,,,101,,,,,101,,,,,101,,,,,101,,,,,101,,,,,101,,,,,101,,,,,101,,,,,100,,,,,100,,,,,99.8,,,,,99.5,,,,,99.2
Malta,97.5,,,,,93.8,,,,,94,,,,,93.7,,,,,94,,,,,94.3,,,,,94.5,,,,,96.5,,,,,97,,,,,97.5,,,,,98.4,,,,,98.4,,,,,98.5,,,,,100,,,,,101,,,,,101,,,,,101,,,,,102,,,,,102,,,,,102,,,,,102,,,,,102,,,,,102,,,,,102,,,,,102,,,,,102,,,,,102,,,,,101,,,,,101,,,,,102,,,,,102
Myanmar,100,,,,,98.2,,,,,97,,,,,96.2,,,,,95.8,,,,,95.5,,,,,95.3,,,,,95.1,,,,,94.9,,,,,94.7,,,,,93.9,,,,,93.6,,,,,93.1,,,,,93,,,,,93,,,,,93.1,,,,,93,,,,,92.9,,,,,92.9,,,,,92.8,,,,,92.7,,,,,92.5,,,,,92.4,,,,,92.2,,,,,92,,,,,91.9,,,,,91.8,,,,,91.8,,,,,91.9,,,,,92,,,,,92.3
Montenegro,90.8,,,,,93.1,,,,,94.9,,,,,96.5,,,,,95.4,,,,,96,,,,,96.4,,,,,97.2,,,,,99.2,,,,,98.8,,,,,97.8,,,,,96.9,,,,,97.6,,,,,97.7,,,,,97.8,,,,,97.9,,,,,98,,,,,98.1,,,,,98.3,,,,,98.7,,,,,99.2,,,,,99.7,,,,,100,,,,,101,,,,,101,,,,,102,,,,,102,,,,,102,,,,,102,,,,,102,,,,,102
Mongolia,96.7,,,,,96.9,,,,,96.7,,,,,96.9,,,,,97.1,,,,,97.2,,,,,97.3,,,,,97.4,,,,,97.5,,,,,98.2,,,,,99.5,,,,,99,,,,,98.4,,,,,97.7,,,,,97.1,,,,,96.4,,,,,95.8,,,,,95.2,,,,,94.7,,,,,94.4,,,,,94.3,,,,,94.2,,,,,94.2,,,,,94.3,,,,,94.5,,,,,94.8,,,,,95.2,,,,,95.5,,,,,95.8,,,,,96,,,,,96.2
Mozambique,95.6,,,,,95.7,,,,,95.8,,,,,95.9,,,,,96,,,,,96.2,,,,,96.2,,,,,95.5,,,,,91.5,,,,,91.1,,,,,91.6,,,,,92.5,,,,,93.2,,,,,93.8,,,,,94.5,,,,,95.1,,,,,95.5,,,,,95.9,,,,,96.1,,,,,96.3,,,,,96.4,,,,,96.4,,,,,96.3,,,,,96.2,,,,,96,,,,,95.8,,,,,95.7,,,,,95.5,,,,,95.4,,,,,95.3,,,,,95.2
Mauritania,96.7,,,,,97.4,,,,,98,,,,,98.3,,,,,98.5,,,,,98.5,,,,,98.6,,,,,98.6,,,,,98.6,,,,,98.2,,,,,98.9,,,,,99.5,,,,,100,,,,,100,,,,,101,,,,,101,,,,,101,,,,,101,,,,,101,,,,,101,,,,,101,,,,,101,,,,,101,,,,,101,,,,,100,,,,,100,,,,,100,,,,,99.8,,,,,99.5,,,,,99.3,,,,,99.1
Martinique,91.4,,,,,92.3,,,,,96.1,,,,,93.1,,,,,96.1,,,,,94,,,,,94.1,,,,,93.7,,,,,93.3,,,,,91.4,,,,,88.6,,,,,87.3,,,,,85.8,,,,,86.1,,,,,85.2,,,,,84.5,,,,,84,,,,,83.5,,,,,83.1,,,,,82.7,,,,,82.6,,,,,82.9,,,,,83.6,,,,,84.9,,,,,86.2,,,,,87.2,,,,,87.7,,,,,87.6,,,,,87.1,,,,,86.4,,,,,86
Mauritius,99.2,,,,,99.2,,,,,99.5,,,,,100,,,,,100,,,,,97.4,,,,,97.3,,,,,98.5,,,,,99.5,,,,,99.4,,,,,98.4,,,,,98.3,,,,,98.3,,,,,98.1,,,,,97.4,,,,,96.7,,,,,96,,,,,95.4,,,,,94.9,,,,,94.5,,,,,94.3,,,,,94.3,,,,,94.5,,,,,94.7,,,,,95.1,,,,,95.5,,,,,96,,,,,96.4,,,,,96.9,,,,,97.4,,,,,97.9
Malawi,92.3,,,,,94.2,,,,,95.7,,,,,96.8,,,,,97.7,,,,,98.3,,,,,98.9,,,,,99.1,,,,,98.3,,,,,98.4,,,,,97.5,,,,,96.9,,,,,96.9,,,,,97.1,,,,,97.3,,,,,97.5,,,,,97.6,,,,,97.7,,,,,97.7,,,,,97.6,,,,,97.6,,,,,97.5,,,,,97.4,,,,,97.3,,,,,97.2,,,,,97.1,,,,,97.1,,,,,97.1,,,,,97.1,,,,,97.2,,,,,97.4
Malaysia,106,,,,,104,,,,,104,,,,,103,,,,,103,,,,,102,,,,,102,,,,,102,,,,,104,,,,,104,,,,,104,,,,,105,,,,,107,,,,,106,,,,,106,,,,,105,,,,,105,,,,,104,,,,,104,,,,,104,,,,,104,,,,,104,,,,,103,,,,,103,,,,,104,,,,,104,,,,,104,,,,,104,,,,,105,,,,,105,,,,,105
Mayotte,120,,,,,117,,,,,115,,,,,114,,,,,110,,,,,108,,,,,106,,,,,107,,,,,105,,,,,103,,,,,102,,,,,97.2,,,,,95.6,,,,,96.5,,,,,96.8,,,,,96.9,,,,,97.1,,,,,97.3,,,,,97.5,,,,,97.7,,,,,97.9,,,,,98,,,,,98.1,,,,,98.2,,,,,98.3,,,,,98.5,,,,,98.7,,,,,98.7,,,,,98.7,,,,,98.6,,,,,98.4
Namibia,98.7,,,,,97.4,,,,,96.7,,,,,96.4,,,,,96.3,,,,,96,,,,,93.3,,,,,92.1,,,,,92.9,,,,,93.2,,,,,93.1,,,,,93.2,,,,,93.5,,,,,93.8,,,,,94.1,,,,,94.3,,,,,94.4,,,,,94.6,,,,,94.6,,,,,94.6,,,,,94.5,,,,,94.4,,,,,94.2,,,,,94,,,,,93.8,,,,,93.6,,,,,93.4,,,,,93.3,,,,,93.2,,,,,93.1,,,,,93
New Caledonia,111,,,,,111,,,,,111,,,,,111,,,,,110,,,,,109,,,,,107,,,,,105,,,,,104,,,,,105,,,,,102,,,,,102,,,,,102,,,,,102,,,,,101,,,,,100,,,,,99.9,,,,,99.5,,,,,99.3,,,,,99.3,,,,,99.4,,,,,99.6,,,,,99.9,,,,,100,,,,,100,,,,,101,,,,,101,,,,,101,,,,,100,,,,,100,,,,,100
Niger,82.3,,,,,86.4,,,,,89.1,,,,,91.6,,,,,93.8,,,,,95.4,,,,,96.8,,,,,95.9,,,,,95.7,,,,,97,,,,,98.2,,,,,99.2,,,,,99.9,,,,,101,,,,,101,,,,,101,,,,,102,,,,,102,,,,,102,,,,,102,,,,,102,,,,,102,,,,,102,,,,,102,,,,,102,,,,,102,,,,,102,,,,,101,,,,,101,,,,,101,,,,,101
Nigeria,99.5,,,,,99.6,,,,,99.7,,,,,99.8,,,,,100,,,,,100,,,,,101,,,,,101,,,,,101,,,,,101,,,,,102,,,,,102,,,,,102,,,,,103,,,,,103,,,,,103,,,,,103,,,,,103,,,,,103,,,,,103,,,,,103,,,,,103,,,,,102,,,,,102,,,,,102,,,,,102,,,,,102,,,,,101,,,,,101,,,,,101,,,,,100
Nicaragua,98.9,,,,,99.2,,,,,99.6,,,,,100,,,,,100,,,,,101,,,,,100,,,,,99.5,,,,,98.4,,,,,98.1,,,,,97.9,,,,,97.4,,,,,97.1,,,,,97.2,,,,,97.2,,,,,97.2,,,,,97.2,,,,,97.2,,,,,97.2,,,,,97.3,,,,,97.5,,,,,97.7,,,,,98,,,,,98.4,,,,,98.7,,,,,99.1,,,,,99.4,,,,,99.6,,,,,99.7,,,,,99.8,,,,,99.8
Netherlands,99.4,,,,,99.2,,,,,99.2,,,,,99.4,,,,,99.5,,,,,99.4,,,,,98.6,,,,,98,,,,,97.9,,,,,98.1,,,,,98.2,,,,,98.4,,,,,98.6,,,,,98.9,,,,,99.3,,,,,99.5,,,,,99.7,,,,,99.7,,,,,99.9,,,,,100,,,,,100,,,,,100,,,,,101,,,,,101,,,,,101,,,,,101,,,,,101,,,,,101,,,,,101,,,,,101,,,,,101
Curaçao,99.7,,,,,101,,,,,100,,,,,97.2,,,,,97,,,,,95.9,,,,,95.2,,,,,94.1,,,,,92.2,,,,,90,,,,,88.5,,,,,88.2,,,,,85,,,,,84.5,,,,,85.1,,,,,85.8,,,,,86.6,,,,,87.5,,,,,88.6,,,,,89.9,,,,,91.4,,,,,92.9,,,,,94.4,,,,,95.8,,,,,97,,,,,97.9,,,,,98.6,,,,,99,,,,,99.2,,,,,99.3,,,,,99.4
Norway,98.2,,,,,99,,,,,99.2,,,,,99.2,,,,,98.9,,,,,98.7,,,,,98.2,,,,,97.8,,,,,97.8,,,,,97.8,,,,,98.2,,,,,98.5,,,,,100,,,,,101,,,,,102,,,,,103,,,,,103,,,,,104,,,,,104,,,,,104,,,,,104,,,,,105,,,,,105,,,,,105,,,,,105,,,,,105,,,,,105,,,,,105,,,,,105,,,,,105,,,,,105
Nepal,98.2,,,,,98.5,,,,,99.4,,,,,99.4,,,,,99.2,,,,,99.9,,,,,100,,,,,100,,,,,98.8,,,,,102,,,,,99.2,,,,,98.7,,,,,96.9,,,,,84.8,,,,,84.5,,,,,89.9,,,,,90.9,,,,,91.2,,,,,91.5,,,,,91.8,,,,,92.1,,,,,92.5,,,,,93.1,,,,,93.9,,,,,94.8,,,,,95.9,,,,,97.1,,,,,98.4,,,,,99.8,,,,,101,,,,,102
New Zealand,101,,,,,101,,,,,101,,,,,101,,,,,99.9,,,,,99.5,,,,,98.8,,,,,98.1,,,,,96.9,,,,,97.2,,,,,96.4,,,,,96,,,,,96.5,,,,,96.7,,,,,96.7,,,,,96.6,,,,,96.6,,,,,96.6,,,,,96.7,,,,,96.8,,,,,97,,,,,97.3,,,,,97.6,,,,,97.9,,,,,98.1,,,,,98.2,,,,,98.2,,,,,98.1,,,,,97.9,,,,,97.8,,,,,97.8
Oman,103,,,,,100,,,,,98.1,,,,,96.6,,,,,96.6,,,,,102,,,,,111,,,,,118,,,,,126,,,,,146,,,,,128,,,,,130,,,,,152,,,,,187,,,,,194,,,,,188,,,,,182,,,,,176,,,,,171,,,,,166,,,,,161,,,,,157,,,,,153,,,,,149,,,,,146,,,,,142,,,,,139,,,,,135,,,,,132,,,,,128,,,,,125
Pakistan,120,,,,,117,,,,,115,,,,,114,,,,,112,,,,,111,,,,,110,,,,,109,,,,,108,,,,,107,,,,,107,,,,,107,,,,,106,,,,,106,,,,,106,,,,,106,,,,,106,,,,,106,,,,,105,,,,,105,,,,,105,,,,,105,,,,,104,,,,,104,,,,,104,,,,,103,,,,,103,,,,,103,,,,,102,,,,,102,,,,,102
Panama,105,,,,,105,,,,,104,,,,,104,,,,,103,,,,,103,,,,,103,,,,,103,,,,,102,,,,,102,,,,,102,,,,,101,,,,,101,,,,,101,,,,,100,,,,,99.9,,,,,99.7,,,,,99.5,,,,,99.4,,,,,99.3,,,,,99.3,,,,,99.4,,,,,99.4,,,,,99.4,,,,,99.5,,,,,99.5,,,,,99.5,,,,,99.5,,,,,99.6,,,,,99.6,,,,,99.5
Peru,101,,,,,101,,,,,101,,,,,101,,,,,100,,,,,100,,,,,100,,,,,99.6,,,,,99,,,,,99.2,,,,,99.4,,,,,99.4,,,,,99.5,,,,,98.7,,,,,98.7,,,,,98.5,,,,,98.4,,,,,98.2,,,,,98.1,,,,,98,,,,,98,,,,,98,,,,,98.1,,,,,98.2,,,,,98.3,,,,,98.4,,,,,98.6,,,,,98.9,,,,,99.4,,,,,99.9,,,,,100
Philippines,98.9,,,,,100,,,,,101,,,,,102,,,,,102,,,,,102,,,,,102,,,,,102,,,,,102,,,,,102,,,,,101,,,,,101,,,,,102,,,,,101,,,,,101,,,,,100,,,,,100,,,,,99.6,,,,,99.3,,,,,99,,,,,98.7,,,,,98.4,,,,,98.2,,,,,98.1,,,,,98,,,,,97.9,,,,,97.9,,,,,98,,,,,98.3,,,,,98.6,,,,,98.9
Papua New Guinea,111,,,,,109,,,,,107,,,,,106,,,,,105,,,,,105,,,,,104,,,,,104,,,,,104,,,,,103,,,,,103,,,,,103,,,,,104,,,,,104,,,,,104,,,,,104,,,,,104,,,,,104,,,,,104,,,,,104,,,,,104,,,,,104,,,,,104,,,,,103,,,,,103,,,,,103,,,,,102,,,,,102,,,,,102,,,,,102,,,,,101
Poland,91,,,,,92.2,,,,,93.7,,,,,94.2,,,,,94.4,,,,,94.7,,,,,94.8,,,,,95,,,,,94.9,,,,,94.7,,,,,94.4,,,,,93.9,,,,,93.6,,,,,94.1,,,,,94,,,,,93.9,,,,,93.9,,,,,94,,,,,94.2,,,,,94.6,,,,,95.1,,,,,95.4,,,,,95.6,,,,,95.6,,,,,95.7,,,,,96,,,,,96.3,,,,,96.7,,,,,97.1,,,,,97.3,,,,,97.4
Puerto Rico,101,,,,,98.9,,,,,97.4,,,,,95.6,,,,,95.8,,,,,95.3,,,,,94.6,,,,,95.3,,,,,93.6,,,,,93,,,,,92.6,,,,,92.1,,,,,92.4,,,,,91.7,,,,,90,,,,,90.3,,,,,90.6,,,,,91.2,,,,,91.9,,,,,92.7,,,,,93.7,,,,,94.7,,,,,95.7,,,,,96.7,,,,,97.6,,,,,98.3,,,,,98.7,,,,,98.8,,,,,98.5,,,,,98.2,,,,,98.1
North Korea,85.8,,,,,83.6,,,,,85.9,,,,,87.5,,,,,89.7,,,,,91.4,,,,,92.5,,,,,93.5,,,,,94.5,,,,,95.1,,,,,95.1,,,,,95.4,,,,,95.5,,,,,95.7,,,,,95.7,,,,,95.8,,,,,95.7,,,,,95.5,,,,,95.1,,,,,94.8,,,,,94.8,,,,,95.1,,,,,95.5,,,,,96,,,,,96.4,,,,,96.8,,,,,97.3,,,,,97.8,,,,,98.4,,,,,98.8,,,,,99.2
Portugal,92.6,,,,,92,,,,,91.5,,,,,91.2,,,,,90.2,,,,,91.4,,,,,92.6,,,,,92.9,,,,,92.8,,,,,92.9,,,,,93.1,,,,,93.6,,,,,91.8,,,,,90,,,,,89.8,,,,,90.2,,,,,90.7,,,,,91.2,,,,,91.7,,,,,92.3,,,,,93,,,,,93.7,,,,,94.6,,,,,95.6,,,,,96.8,,,,,98,,,,,99.1,,,,,99.9,,,,,101,,,,,101,,,,,101
Paraguay,96.9,,,,,96.6,,,,,97,,,,,98.1,,,,,99.5,,,,,101,,,,,102,,,,,103,,,,,103,,,,,103,,,,,103,,,,,103,,,,,104,,,,,104,,,,,103,,,,,103,,,,,103,,,,,102,,,,,102,,,,,102,,,,,101,,,,,101,,,,,101,,,,,100,,,,,100,,,,,100,,,,,100,,,,,100,,,,,100,,,,,100,,,,,101
Palestine,108,,,,,105,,,,,104,,,,,103,,,,,102,,,,,102,,,,,102,,,,,103,,,,,103,,,,,103,,,,,103,,,,,103,,,,,103,,,,,103,,,,,103,,,,,103,,,,,103,,,,,103,,,,,103,,,,,103,,,,,103,,,,,103,,,,,102,,,,,102,,,,,102,,,,,102,,,,,102,,,,,102,,,,,103,,,,,103,,,,,103
French Polynesia,109,,,,,108,,,,,106,,,,,105,,,,,105,,,,,108,,,,,108,,,,,110,,,,,108,,,,,108,,,,,106,,,,,105,,,,,105,,,,,103,,,,,103,,,,,102,,,,,102,,,,,101,,,,,101,,,,,100,,,,,100,,,,,100,,,,,100,,,,,101,,,,,101,,,,,101,,,,,101,,,,,102,,,,,102,,,,,102,,,,,102
Qatar,103,,,,,119,,,,,130,,,,,155,,,,,176,,,,,198,,,,,170,,,,,202,,,,,202,,,,,193,,,,,187,,,,,208,,,,,325,,,,,317,,,,,302,,,,,287,,,,,275,,,,,264,,,,,253,,,,,244,,,,,235,,,,,227,,,,,220,,,,,213,,,,,207,,,,,202,,,,,197,,,,,192,,,,,188,,,,,183,,,,,180
Reunion,92.1,,,,,93.7,,,,,94.6,,,,,94.9,,,,,93,,,,,94.2,,,,,95.4,,,,,95.4,,,,,95.7,,,,,95.5,,,,,95.3,,,,,96.4,,,,,93.9,,,,,93.9,,,,,93.8,,,,,93.7,,,,,93.7,,,,,93.7,,,,,93.7,,,,,93.7,,,,,93.7,,,,,93.9,,,,,94.2,,,,,94.6,,,,,95.1,,,,,95.5,,,,,95.9,,,,,96.1,,,,,96.1,,,,,95.9,,,,,95.8
Romania,93.6,,,,,94.6,,,,,95.4,,,,,96,,,,,96.5,,,,,97,,,,,97.3,,,,,97.3,,,,,97.2,,,,,96.6,,,,,95.8,,,,,95.1,,,,,94.4,,,,,94.9,,,,,94.6,,,,,94.6,,,,,94.7,,,,,94.8,,,,,95,,,,,95.4,,,,,95.8,,,,,96.2,,,,,96.8,,,,,97.5,,,,,98.2,,,,,98.8,,,,,99.2,,,,,99.5,,,,,99.7,,,,,99.9,,,,,100
Russia,76.6,,,,,79,,,,,81.1,,,,,82.9,,,,,84,,,,,84.6,,,,,85.7,,,,,86.7,,,,,88,,,,,88.3,,,,,87.9,,,,,87,,,,,86.5,,,,,86.3,,,,,86.4,,,,,86.5,,,,,86.5,,,,,86.7,,,,,87.1,,,,,87.7,,,,,88.6,,,,,89.4,,,,,90.2,,,,,91.1,,,,,92,,,,,93.1,,,,,94.1,,,,,94.9,,,,,95.5,,,,,95.9,,,,,96.2
Rwanda,96.6,,,,,96.5,,,,,96.5,,,,,96.5,,,,,96.6,,,,,96.7,,,,,96.9,,,,,97.2,,,,,97.3,,,,,94.7,,,,,95.5,,,,,95.8,,,,,96.1,,,,,96.5,,,,,96.7,,,,,96.9,,,,,97.1,,,,,97.2,,,,,97.2,,,,,97.2,,,,,97.2,,,,,97.2,,,,,97.2,,,,,97.2,,,,,97.3,,,,,97.3,,,,,97.4,,,,,97.5,,,,,97.7,,,,,97.8,,,,,98
Saudi Arabia,103,,,,,102,,,,,101,,,,,102,,,,,104,,,,,108,,,,,115,,,,,122,,,,,127,,,,,124,,,,,119,,,,,126,,,,,129,,,,,132,,,,,137,,,,,135,,,,,133,,,,,130,,,,,128,,,,,125,,,,,122,,,,,120,,,,,118,,,,,116,,,,,115,,,,,114,,,,,114,,,,,113,,,,,112,,,,,112,,,,,111
Sudan,99.8,,,,,99.7,,,,,99.8,,,,,99.9,,,,,100,,,,,100,,,,,100,,,,,100,,,,,101,,,,,101,,,,,101,,,,,101,,,,,99.5,,,,,99.7,,,,,99.8,,,,,99.9,,,,,99.9,,,,,99.9,,,,,99.8,,,,,99.8,,,,,99.6,,,,,99.5,,,,,99.4,,,,,99.2,,,,,99,,,,,98.7,,,,,98.5,,,,,98.3,,,,,98.2,,,,,98.1,,,,,98
Senegal,95.4,,,,,97.2,,,,,98.7,,,,,100,,,,,101,,,,,102,,,,,100,,,,,99.6,,,,,99.1,,,,,98.4,,,,,96.6,,,,,95.5,,,,,94.9,,,,,94.7,,,,,95.3,,,,,95.9,,,,,96.3,,,,,96.8,,,,,97.1,,,,,97.4,,,,,97.7,,,,,97.9,,,,,98.1,,,,,98.2,,,,,98.3,,,,,98.4,,,,,98.4,,,,,98.5,,,,,98.5,,,,,98.6,,,,,98.7
Singapore,107,,,,,111,,,,,111,,,,,106,,,,,105,,,,,104,,,,,104,,,,,104,,,,,101,,,,,103,,,,,105,,,,,102,,,,,109,,,,,110,,,,,110,,,,,110,,,,,110,,,,,109,,,,,109,,,,,108,,,,,108,,,,,107,,,,,107,,,,,107,,,,,107,,,,,108,,,,,108,,,,,108,,,,,108,,,,,108,,,,,109
Solomon Islands,123,,,,,118,,,,,116,,,,,112,,,,,111,,,,,108,,,,,107,,,,,106,,,,,106,,,,,106,,,,,106,,,,,104,,,,,103,,,,,103,,,,,103,,,,,103,,,,,103,,,,,103,,,,,103,,,,,103,,,,,103,,,,,103,,,,,103,,,,,103,,,,,103,,,,,103,,,,,103,,,,,103,,,,,103,,,,,103,,,,,103
Sierra Leone,96,,,,,95.9,,,,,95.9,,,,,96.1,,,,,96.3,,,,,96.5,,,,,96.8,,,,,97.2,,,,,97.6,,,,,98,,,,,98.4,,,,,98.7,,,,,99.1,,,,,99.3,,,,,99.6,,,,,99.9,,,,,100,,,,,100,,,,,100,,,,,100,,,,,99.8,,,,,99.6,,,,,99.3,,,,,99,,,,,98.7,,,,,98.4,,,,,98,,,,,97.6,,,,,97.3,,,,,96.9,,,,,96.6
El Salvador,97.4,,,,,96.4,,,,,97,,,,,98.1,,,,,98.8,,,,,98.3,,,,,97.2,,,,,96,,,,,95.3,,,,,94.3,,,,,92.9,,,,,91.3,,,,,89.8,,,,,88.8,,,,,88,,,,,87.6,,,,,87.4,,,,,87.4,,,,,87.5,,,,,87.7,,,,,88,,,,,88.4,,,,,88.9,,,,,89.5,,,,,90.2,,,,,90.9,,,,,91.5,,,,,92.1,,,,,92.7,,,,,93.2,,,,,93.5
Somalia,98.6,,,,,98.2,,,,,97.9,,,,,97.8,,,,,97.8,,,,,97.8,,,,,104,,,,,102,,,,,101,,,,,101,,,,,100,,,,,100,,,,,99.8,,,,,99.5,,,,,99.4,,,,,99.4,,,,,99.3,,,,,99.3,,,,,99.2,,,,,99.2,,,,,99.1,,,,,99,,,,,98.9,,,,,98.8,,,,,98.6,,,,,98.4,,,,,98.2,,,,,98,,,,,97.7,,,,,97.5,,,,,97.2
Serbia,94.4,,,,,95.9,,,,,96.8,,,,,97.5,,,,,97.8,,,,,97.9,,,,,97.8,,,,,97.7,,,,,97.5,,,,,97.1,,,,,96.4,,,,,95.9,,,,,96.1,,,,,96.1,,,,,96,,,,,95.9,,,,,95.8,,,,,95.9,,,,,96.3,,,,,96.7,,,,,97.2,,,,,97.7,,,,,98.2,,,,,98.8,,,,,99.4,,,,,100,,,,,101,,,,,101,,,,,102,,,,,102,,,,,102
South Sudan,104,,,,,102,,,,,101,,,,,100,,,,,99.5,,,,,99.1,,,,,98.9,,,,,98.8,,,,,98.8,,,,,99,,,,,99.2,,,,,99.6,,,,,99.9,,,,,100,,,,,100,,,,,100,,,,,100,,,,,100,,,,,100,,,,,100,,,,,100,,,,,100,,,,,99.9,,,,,99.7,,,,,99.5,,,,,99.2,,,,,99,,,,,98.7,,,,,98.5,,,,,98.2,,,,,97.9
Sao Tome and Principe,125,,,,,125,,,,,125,,,,,112,,,,,100,,,,,98.9,,,,,97.3,,,,,97.8,,,,,97.6,,,,,98,,,,,97.6,,,,,98,,,,,99.9,,,,,100,,,,,100,,,,,100,,,,,100,,,,,100,,,,,99.8,,,,,99.7,,,,,99.7,,,,,99.6,,,,,99.5,,,,,99.4,,,,,99.3,,,,,99.3,,,,,99.2,,,,,99.2,,,,,99.2,,,,,99.2,,,,,99.4
Suriname,99.1,,,,,102,,,,,100,,,,,99.2,,,,,99.6,,,,,101,,,,,102,,,,,104,,,,,103,,,,,103,,,,,102,,,,,102,,,,,101,,,,,101,,,,,101,,,,,101,,,,,100,,,,,99.6,,,,,99.1,,,,,98.7,,,,,98.3,,,,,98.1,,,,,97.9,,,,,97.8,,,,,97.8,,,,,97.7,,,,,97.7,,,,,97.7,,,,,97.8,,,,,98,,,,,98.2
Slovak Republic,94.1,,,,,96.3,,,,,97.5,,,,,97.8,,,,,97.3,,,,,96.9,,,,,96.6,,,,,96,,,,,95.4,,,,,94.8,,,,,94.4,,,,,94.1,,,,,94.2,,,,,94.5,,,,,94.9,,,,,94.8,,,,,94.8,,,,,94.7,,,,,94.9,,,,,95.2,,,,,95.6,,,,,96,,,,,96.3,,,,,96.6,,,,,97,,,,,97.5,,,,,98,,,,,98.4,,,,,98.7,,,,,98.8,,,,,98.8
Slovenia,91.6,,,,,91.7,,,,,92,,,,,91.9,,,,,93.8,,,,,94,,,,,93.4,,,,,94.8,,,,,94.6,,,,,94.3,,,,,95.7,,,,,95.7,,,,,98.2,,,,,98.8,,,,,99.2,,,,,99.5,,,,,99.7,,,,,99.8,,,,,99.7,,,,,99.6,,,,,99.6,,,,,99.6,,,,,99.5,,,,,99.4,,,,,99.3,,,,,99.2,,,,,99.3,,,,,99.5,,,,,99.6,,,,,99.5,,,,,99.4
Sweden,99.2,,,,,99.5,,,,,99.5,,,,,99.7,,,,,99.7,,,,,98.9,,,,,98.1,,,,,97.5,,,,,97.6,,,,,97.7,,,,,97.8,,,,,98.4,,,,,99.2,,,,,99.9,,,,,100,,,,,101,,,,,101,,,,,101,,,,,101,,,,,101,,,,,101,,,,,101,,,,,101,,,,,102,,,,,102,,,,,102,,,,,101,,,,,101,,,,,102,,,,,102,,,,,102
Eswatini,94.6,,,,,94.2,,,,,94,,,,,94.3,,,,,93.4,,,,,91.2,,,,,91.3,,,,,90.2,,,,,89.9,,,,,91.3,,,,,92.6,,,,,90.4,,,,,89.3,,,,,93.1,,,,,96.7,,,,,97.5,,,,,97.7,,,,,96.5,,,,,95.5,,,,,94.5,,,,,93.6,,,,,92.8,,,,,92.2,,,,,91.7,,,,,91.3,,,,,90.9,,,,,90.5,,,,,90,,,,,89.7,,,,,89.4,,,,,89.3
Seychelles,90.5,,,,,93.1,,,,,95.6,,,,,97.7,,,,,100,,,,,102,,,,,102,,,,,102,,,,,99.5,,,,,100,,,,,99.3,,,,,99.9,,,,,107,,,,,106,,,,,105,,,,,104,,,,,103,,,,,102,,,,,101,,,,,100,,,,,99.7,,,,,99.3,,,,,99.1,,,,,99,,,,,98.9,,,,,98.9,,,,,99,,,,,99.2,,,,,99.4,,,,,99.6,,,,,99.8
Syria,109,,,,,106,,,,,105,,,,,103,,,,,103,,,,,102,,,,,102,,,,,102,,,,,102,,,,,102,,,,,102,,,,,104,,,,,102,,,,,102,,,,,100,,,,,99.8,,,,,99.9,,,,,99.8,,,,,99.7,,,,,99.6,,,,,99.5,,,,,99.4,,,,,99.2,,,,,99.1,,,,,99.1,,,,,99.2,,,,,99.4,,,,,99.5,,,,,99.5,,,,,99.3,,,,,99
Chad,97.5,,,,,96.1,,,,,95.6,,,,,95.6,,,,,96.1,,,,,96.7,,,,,97.3,,,,,97.9,,,,,98.4,,,,,98.8,,,,,99.1,,,,,99.3,,,,,99.5,,,,,99.6,,,,,99.7,,,,,99.7,,,,,99.7,,,,,99.7,,,,,99.6,,,,,99.5,,,,,99.4,,,,,99.2,,,,,99,,,,,98.8,,,,,98.6,,,,,98.3,,,,,98.1,,,,,97.8,,,,,97.5,,,,,97.2,,,,,97
Togo,97.2,,,,,97.1,,,,,97.1,,,,,97.3,,,,,97.4,,,,,97.5,,,,,97.6,,,,,97.7,,,,,97.3,,,,,96.9,,,,,97.6,,,,,97.9,,,,,98.4,,,,,98.8,,,,,99,,,,,99.2,,,,,99.4,,,,,99.4,,,,,99.4,,,,,99.3,,,,,99.3,,,,,99.1,,,,,98.9,,,,,98.7,,,,,98.5,,,,,98.2,,,,,97.9,,,,,97.6,,,,,97.3,,,,,97.1,,,,,96.8
Thailand,101,,,,,100,,,,,100,,,,,100,,,,,100,,,,,100,,,,,100,,,,,99.4,,,,,98.2,,,,,98.7,,,,,97.6,,,,,96.8,,,,,96.1,,,,,95.5,,,,,94.8,,,,,94.2,,,,,93.8,,,,,93.4,,,,,93.2,,,,,93.2,,,,,93.5,,,,,93.9,,,,,94.6,,,,,95.3,,,,,96,,,,,96.6,,,,,97.1,,,,,97.4,,,,,97.7,,,,,97.9,,,,,98.2
Tajikistan,93.8,,,,,94.1,,,,,94.7,,,,,95.4,,,,,96.1,,,,,96.7,,,,,97.3,,,,,98.2,,,,,98.3,,,,,99.6,,,,,100,,,,,101,,,,,102,,,,,102,,,,,102,,,,,101,,,,,101,,,,,101,,,,,101,,,,,101,,,,,101,,,,,101,,,,,101,,,,,101,,,,,101,,,,,101,,,,,101,,,,,101,,,,,101,,,,,101,,,,,101
Turkmenistan,96.1,,,,,95.3,,,,,95.2,,,,,95.4,,,,,95.7,,,,,96,,,,,95.9,,,,,96,,,,,96.6,,,,,97,,,,,96.9,,,,,96.8,,,,,96.8,,,,,97,,,,,97,,,,,96.8,,,,,96.6,,,,,96.3,,,,,96.1,,,,,95.9,,,,,95.7,,,,,95.5,,,,,95.2,,,,,95,,,,,94.9,,,,,94.7,,,,,94.7,,,,,94.6,,,,,94.4,,,,,94.3,,,,,94.3
Timor-Leste,102,,,,,103,,,,,103,,,,,103,,,,,103,,,,,103,,,,,103,,,,,102,,,,,102,,,,,102,,,,,102,,,,,102,,,,,102,,,,,102,,,,,102,,,,,102,,,,,102,,,,,102,,,,,102,,,,,101,,,,,101,,,,,101,,,,,101,,,,,100,,,,,100,,,,,100,,,,,99.8,,,,,99.8,,,,,99.8,,,,,99.8,,,,,99.9
Tonga,103,,,,,103,,,,,103,,,,,104,,,,,105,,,,,105,,,,,104,,,,,102,,,,,103,,,,,103,,,,,104,,,,,101,,,,,101,,,,,99.9,,,,,100,,,,,100,,,,,100,,,,,100,,,,,100,,,,,100,,,,,101,,,,,101,,,,,101,,,,,101,,,,,101,,,,,101,,,,,101,,,,,101,,,,,101,,,,,101,,,,,101
Trinidad and Tobago,101,,,,,101,,,,,101,,,,,99.5,,,,,98.6,,,,,98.5,,,,,98.8,,,,,98.9,,,,,99.3,,,,,99.3,,,,,99.1,,,,,98.5,,,,,98.1,,,,,97.8,,,,,97.5,,,,,97.1,,,,,96.6,,,,,96.1,,,,,95.6,,,,,95.2,,,,,95,,,,,94.8,,,,,94.8,,,,,94.8,,,,,95,,,,,95.3,,,,,95.8,,,,,96.3,,,,,96.8,,,,,97.2,,,,,97.6
Tunisia,98.7,,,,,99,,,,,99.3,,,,,101,,,,,100,,,,,101,,,,,101,,,,,101,,,,,101,,,,,102,,,,,101,,,,,100,,,,,99.5,,,,,98.3,,,,,98.4,,,,,98.4,,,,,98.4,,,,,98.5,,,,,98.5,,,,,98.7,,,,,99.1,,,,,99.6,,,,,100,,,,,101,,,,,101,,,,,102,,,,,102,,,,,103,,,,,103,,,,,102,,,,,102
Turkey,101,,,,,100,,,,,99.4,,,,,98.9,,,,,98.7,,,,,98.7,,,,,98.4,,,,,97.8,,,,,97.6,,,,,97.3,,,,,97,,,,,96.9,,,,,96.7,,,,,96.9,,,,,97.5,,,,,97.2,,,,,97.2,,,,,97.3,,,,,97.5,,,,,97.7,,,,,97.9,,,,,98.2,,,,,98.4,,,,,98.5,,,,,98.6,,,,,98.7,,,,,98.7,,,,,98.7,,,,,98.7,,,,,98.6,,,,,98.5
Taiwan,106,,,,,104,,,,,104,,,,,105,,,,,108,,,,,107,,,,,108,,,,,107,,,,,106,,,,,104,,,,,103,,,,,103,,,,,101,,,,,99.8,,,,,98.8,,,,,98,,,,,97.3,,,,,96.8,,,,,96.5,,,,,96.2,,,,,96.1,,,,,96.1,,,,,96.1,,,,,96.2,,,,,96.2,,,,,96.3,,,,,96.4,,,,,96.5,,,,,96.5,,,,,96.5,,,,,96.4
Tanzania,95.2,,,,,96,,,,,96.7,,,,,97.2,,,,,97.8,,,,,98.2,,,,,98.7,,,,,99,,,,,99,,,,,99,,,,,99,,,,,99.1,,,,,99.5,,,,,99.7,,,,,99.9,,,,,100,,,,,100,,,,,100,,,,,100,,,,,99.9,,,,,99.8,,,,,99.7,,,,,99.5,,,,,99.4,,,,,99.3,,,,,99.1,,,,,99,,,,,99,,,,,98.9,,,,,98.9,,,,,98.9
Uganda,99.5,,,,,99.1,,,,,99,,,,,98.9,,,,,99,,,,,99.1,,,,,99.2,,,,,99.2,,,,,98.7,,,,,97.6,,,,,97,,,,,97.1,,,,,96.4,,,,,96.5,,,,,97.2,,,,,97.6,,,,,97.9,,,,,98.1,,,,,98.2,,,,,98.2,,,,,98.2,,,,,98.1,,,,,97.9,,,,,97.7,,,,,97.5,,,,,97.3,,,,,97,,,,,96.7,,,,,96.5,,,,,96.3,,,,,96.2
Ukraine,75.2,,,,,77.9,,,,,80.5,,,,,82,,,,,83.4,,,,,84.2,,,,,84.9,,,,,85.8,,,,,86.9,,,,,87.3,,,,,87.1,,,,,86.5,,,,,85.7,,,,,86.1,,,,,86.3,,,,,86.5,,,,,86.6,,,,,86.8,,,,,87.1,,,,,87.5,,,,,88.1,,,,,88.6,,,,,89.2,,,,,89.9,,,,,90.8,,,,,91.9,,,,,93,,,,,94,,,,,94.8,,,,,95.4,,,,,95.9
Uruguay,102,,,,,101,,,,,100,,,,,99.4,,,,,98.8,,,,,98.1,,,,,96.3,,,,,95.2,,,,,94.2,,,,,94,,,,,93.8,,,,,93.2,,,,,93,,,,,93.2,,,,,93.5,,,,,93.9,,,,,94.3,,,,,94.8,,,,,95.2,,,,,95.6,,,,,96.1,,,,,96.5,,,,,96.9,,,,,97.2,,,,,97.5,,,,,97.6,,,,,97.8,,,,,97.8,,,,,97.9,,,,,98,,,,,98
United States,99.6,,,,,98.7,,,,,98.2,,,,,97.8,,,,,97,,,,,96.8,,,,,96.2,,,,,96.3,,,,,96.1,,,,,96.6,,,,,97.1,,,,,97.4,,,,,97.6,,,,,97.9,,,,,97.9,,,,,97.9,,,,,97.9,,,,,98,,,,,98.2,,,,,98.5,,,,,98.8,,,,,99.2,,,,,99.4,,,,,99.7,,,,,99.8,,,,,99.9,,,,,99.9,,,,,99.9,,,,,99.9,,,,,100,,,,,100
Uzbekistan,91.6,,,,,91.7,,,,,92.4,,,,,93.6,,,,,94.7,,,,,95.7,,,,,96.6,,,,,97.4,,,,,97.9,,,,,98.9,,,,,98.9,,,,,98.7,,,,,98.9,,,,,99.3,,,,,99.6,,,,,99.6,,,,,99.5,,,,,99.4,,,,,99.3,,,,,99.2,,,,,99.1,,,,,98.9,,,,,98.8,,,,,98.6,,,,,98.5,,,,,98.5,,,,,98.6,,,,,98.7,,,,,98.7,,,,,98.8,,,,,98.9
St. Vincent and the Grenadines,88.8,,,,,88.6,,,,,88.2,,,,,88,,,,,89.7,,,,,91.2,,,,,93.9,,,,,96,,,,,98.9,,,,,100,,,,,102,,,,,102,,,,,104,,,,,104,,,,,103,,,,,102,,,,,100,,,,,99.3,,,,,98.3,,,,,97.5,,,,,96.8,,,,,96.3,,,,,95.9,,,,,95.7,,,,,95.6,,,,,95.6,,,,,95.7,,,,,95.8,,,,,96.1,,,,,96.5,,,,,96.9
Venezuela,104,,,,,104,,,,,104,,,,,103,,,,,103,,,,,103,,,,,102,,,,,102,,,,,101,,,,,101,,,,,101,,,,,100,,,,,99.6,,,,,98.8,,,,,96.8,,,,,97.2,,,,,97.1,,,,,96.6,,,,,96.2,,,,,95.9,,,,,95.6,,,,,95.5,,,,,95.4,,,,,95.4,,,,,95.5,,,,,95.6,,,,,95.9,,,,,96.2,,,,,96.5,,,,,96.9,,,,,97.3
Virgin Islands (U.S.),96.2,,,,,98.3,,,,,98.3,,,,,100,,,,,100,,,,,96.2,,,,,93.3,,,,,95.1,,,,,95.4,,,,,93.9,,,,,93.4,,,,,93.5,,,,,91.8,,,,,91,,,,,90.5,,,,,90.1,,,,,89.9,,,,,90.1,,,,,90.8,,,,,91.6,,,,,92.7,,,,,94,,,,,95.3,,,,,96.8,,,,,98.3,,,,,99.8,,,,,101,,,,,102,,,,,102,,,,,102,,,,,102
Vietnam,97.5,,,,,97.5,,,,,97.7,,,,,98,,,,,97.9,,,,,97.4,,,,,97.5,,,,,97.7,,,,,98,,,,,98.1,,,,,98.1,,,,,98.2,,,,,98.9,,,,,99.4,,,,,99.7,,,,,99.7,,,,,99.4,,,,,98.9,,,,,98.5,,,,,98.2,,,,,98,,,,,98,,,,,98.1,,,,,98.3,,,,,98.6,,,,,99,,,,,99.4,,,,,99.7,,,,,100,,,,,100,,,,,100
Vanuatu,109,,,,,108,,,,,107,,,,,106,,,,,112,,,,,113,,,,,112,,,,,109,,,,,106,,,,,105,,,,,105,,,,,104,,,,,103,,,,,103,,,,,103,,,,,103,,,,,102,,,,,102,,,,,102,,,,,102,,,,,101,,,,,101,,,,,101,,,,,101,,,,,101,,,,,101,,,,,101,,,,,101,,,,,101,,,,,101,,,,,101
Samoa,107,,,,,105,,,,,103,,,,,103,,,,,104,,,,,103,,,,,105,,,,,108,,,,,109,,,,,108,,,,,109,,,,,108,,,,,107,,,,,107,,,,,107,,,,,107,,,,,107,,,,,107,,,,,107,,,,,107,,,,,107,,,,,107,,,,,107,,,,,107,,,,,107,,,,,107,,,,,106,,,,,106,,,,,106,,,,,107,,,,,107
Yemen,102,,,,,101,,,,,99.9,,,,,99,,,,,96.7,,,,,94.2,,,,,95.2,,,,,96.4,,,,,97.5,,,,,102,,,,,102,,,,,102,,,,,102,,,,,102,,,,,102,,,,,101,,,,,101,,,,,101,,,,,101,,,,,101,,,,,101,,,,,100,,,,,99.8,,,,,99.3,,,,,98.9,,,,,98.4,,,,,98,,,,,97.6,,,,,97.2,,,,,96.8,,,,,96.5
South Africa,102,,,,,100,,,,,99.4,,,,,99,,,,,99.1,,,,,99.3,,,,,99.2,,,,,99.4,,,,,98.8,,,,,97.5,,,,,97.3,,,,,97.3,,,,,97.4,,,,,97.5,,,,,97.1,,,,,96.7,,,,,96.3,,,,,95.9,,,,,95.5,,,,,95.1,,,,,94.7,,,,,94.2,,,,,93.8,,,,,93.5,,,,,93.2,,,,,93,,,,,92.9,,,,,92.8,,,,,92.6,,,,,92.5,,,,,92.6
Zambia,99.1,,,,,99,,,,,99,,,,,98.8,,,,,98.8,,,,,98.9,,,,,99,,,,,99.4,,,,,99.4,,,,,98.7,,,,,98.3,,,,,97.8,,,,,97.5,,,,,97.9,,,,,98.1,,,,,98.2,,,,,98.3,,,,,98.3,,,,,98.2,,,,,98.1,,,,,98,,,,,97.9,,,,,97.7,,,,,97.6,,,,,97.4,,,,,97.3,,,,,97.2,,,,,97.1,,,,,97,,,,,96.9,,,,,96.9
Zimbabwe,99.4,,,,,99.5,,,,,99.4,,,,,99.4,,,,,99.3,,,,,99.2,,,,,98.8,,,,,99.1,,,,,99,,,,,97.8,,,,,95.8,,,,,91.9,,,,,91,,,,,90.7,,,,,91.3,,,,,91.7,,,,,92.6,,,,,93.5,,,,,94.2,,,,,94.7,,,,,95.1,,,,,95.4,,,,,95.6,,,,,95.7,,,,,95.7,,,,,95.6,,,,,95.4,,,,,95,,,,,94.6,,,,,94.3,,,,,94
